StartDate,EndDate,Progress,Duration (in seconds),ResponseId,consent,english_check,age,gender_raw,gender,party_affil,use_twitter,interact_senator,RE_1,RE_2,RE_3,RE_4,RE_5,RE_6,RE_7,RE_8,RE_9,RE_10,RE_11,RE_12,RE_13,RE_14,RE_15,RE_16,RE_17,RE_18,RE_19,RE_20,RE_21,RE_22,RE_23,RE_24,RE_25,RD_1,RD_2,RD_3,RD_4,RD_5,RD_6,RD_7,RD_8,RD_9,RD_10,RD_11,RD_12,RD_13,RD_14,RD_15,RD_16,RD_17,RD_18,RD_19,RD_20,RD_21,RD_22,RD_23,RD_24,RD_25,RD_26,RD_27,RD_28,RD_29,RD_30,RD_31,RD_32,RD_33,RD_34,RD_35,RD_36,RD_37,RD_38,RD_39,RD_40,RD_41,RD_42,RD_43,RD_44,RD_45,RD_46,RD_47,RD_48,RD_49,RD_50,RD_51,RD_52,RD_53,DE_1,DE_2,DE_3,DE_4,DE_5,DE_6,DE_7,DE_8,DE_9,DE_10,DE_11,DE_12,DE_13,DE_14,DE_15,DE_16,DE_17,DE_18,DE_19,DE_20,DE_21,DE_22,DE_23,DE_24,DE_25,DE_26,DE_27,DE_28,DD_1,DD_2,DD_3,DD_4,DD_5,DD_6,DD_7,DD_8,DD_9,DD_10,DD_11,DD_12,DD_13,DD_14,DD_15,DD_16,DD_17,DD_18,DD_19,DD_20,DD_21,DD_22,DD_23,DD_24,DD_25,DD_26,DD_27,DD_28,DD_29,DD_30,DD_31,DD_32,DD_33,DD_34,DD_35,DD_36,DD_37,DD_38,DD_39,DD_40,DD_41,DD_42,DD_43,DD_44,DD_45,DD_46,DD_47,DD_48,DD_49,DD_50,DD_51,DD_52,DD_53,DD_54,DD_55,DD_56,DD_57,DD_58,DD_59,DD_60,DD_61,DD_62,DD_63,DD_64,DD_65,ideology,DEM_FT,REP_FT,ind_status,party_status,compromise,quality_check,comments
3/30/23 13:59,3/30/23 14:03,100,237,R_pSCun3qolLn7smB,1,2,33,female,female,1,1,2,,,,,1,,2,,,,,,,1,,1,,,,,,,,,1,,,,,,,,5,,,,5,,,,,,,,,,,,,,,,,,,5,,,5,,,,,,,,,,,,,,,5,,,,,,,,,,,,,,,,,,,,,,,,,,,,,,,,,,,,,,,,,,,,,,,,,,,,,,,,,,,,,,,,,,,,,,,,,,,,,,,,,,,,,,,,,,,,,,,,,,1,9,93,3,6,3,1,
3/30/23 14:02,3/30/23 14:05,100,188,R_3NxgdZ4JwWCuAen,1,2,40,male,male,4,2,1,,,,,,,,,,,,,,,,,,,,,,,,,,,,,,,,,,,,,,,,,,,,,,,,,,,,,,,,,,,,,,,,,,,,,,,,,,,,,,,,,,,,2,,3,,,,2,,,,,,1,,,,,,,,,,1,,,,,,5,,,,,,,,,,,,,,,,4,,,,,,,,,,,,,,,5,,,,,,,,,,,,,,5,,,,,,,,,,,,5,,,4,35,20,2,5,5,1,
3/30/23 14:10,3/30/23 14:13,100,222,R_Z29SLXRW6pBj9SN,1,2,52,female,female,3,1,1,1,,,,,2,,,,,,,1,,,,,2,,,,,,2,,,,,5,,,,,,,,,,,,,,,,5,,,5,,,,,,,,,,,,,,,,5,,,,,,5,,,,,,,,,,,,,,,,,,,,,,,,,,,,,,,,,,,,,,,,,,,,,,,,,,,,,,,,,,,,,,,,,,,,,,,,,,,,,,,,,,,,,,,,,,,,,,,,,,,,,,3,75,65,2,3,6,1,
3/30/23 14:08,3/30/23 14:15,100,424,R_tSqczFbmM0wVhsZ,1,2,64,Female,female,4,1,1,,,,,,,,,,,,,,,,,,,,,,,,,,,,,,,,,,,,,,,,,,,,,,,,,,,,,,,,,,,,,,,,,,,,,,,,,,,,,,,,,,,1,,,,,1,,1,,,,,,,2,,,,,,,1,,,,,,5,,,,,,,,,,,,,5,,,,,,,,,,,,,,,,,,5,,,,,,,,,,5,,,,,,,,,,,,,,,,,,,5,,7,61,38,5,5,5,1,
3/30/23 14:10,3/30/23 14:16,100,338,R_2aK1gNi9LGpl3F3,1,2,36,Male,male,4,2,1,,,,,,,,,,,,,,,,,,,,,,,,,,,,,,,,,,,,,,,,,,,,,,,,,,,,,,,,,,,,,,,,,,,,,,,,,,,,,,,,,,1,,,,,2,,,,,2,,,,,,2,,,,,,,1,,,,,,,,,,5,,,,,,,,,,,,,,,,3,,,,,,,,,,,,,5,,,,,,,,,,,,4,,,,,,,5,,,,,,,,,5,70,67,4,4,7,1,
3/30/23 14:14,3/30/23 14:18,100,217,R_3OcVwBKoW4XDE8m,1,2,43,Male,male,6,2,1,,,,,,,,,,,,,,,,,,,,,,,,,,,,,,,,,,,,,,,,,,,,,,,,,,,,,,,,,,,,,,,,,,,,,,,,,,,,,,,,,4,,,,,,,,2,,2,,,,,,,,,2,,,1,,,,,,,,,,4,,,,,,,,,,,,,5,,,,,,,,,,1,,,,,,,,,,,,,,,,,,,5,,,,,,,,,,3,,,,,,,7,0,0,2,4,4,1,
3/30/23 14:13,3/30/23 14:19,100,355,R_1PYkllaD5ZfQFpS,1,2,36,Male,male,5,1,1,,,,,,,,,,,,,,,,,,,,,,,,,,,,,,,,,,,,,,,,,,,,,,,,,,,,,,,,,,,,,,,,,,,,,,,,,,,,,,,,2,,,,,2,,,,,,,,2,,,,,,1,,,2,,,,,,,,,5,,,,,,,,,,,,,5,,,,,,,,,5,,,,,,,,,,,,,,,,,5,,,,,,,,,,,,,,,,,4,,,,,6,80,40,5,5,6,1,
3/30/23 14:15,3/30/23 14:19,100,268,R_reEosZi4MpFMstr,1,2,25,Male,male,6,1,1,,,,,,,,,,,,,,,,,,,,,,,,,,,,,,,,,,,,,,,,,,,,,,,,,,,,,,,,,,,,,,,,,,,,,,,,,,,,,,,2,,,,,,,2,,,,,,,,,4,,4,,,,3,,,,,,,,,,,,,,,4,,,,,,,,,,,,,3,,,,,,5,,,,,,,,,,,,,,5,,,,,,,,,,,,,,,,,,,,,,5,7,90,10,2,4,6,1,
3/30/23 14:15,3/30/23 14:21,100,340,R_24MFB7gKxGwBgiu,1,2,22,M,male,4,1,1,,,,,,,,,,,,,,,,,,,,,,,,,,,,,,,,,,,,,,,,,,,,,,,,,,,,,,,,,,,,,,,,,,,,,,,,,,,,,,,,,,,,3,,,,,3,,,,,1,,,,,,2,2,,,,,,,5,,,,,,,,,,,,,,,,,5,,,,,,,,,,,,,,,4,,,,,,,,,,,,5,,,,,,,,,,,,,,,,3,,,,4,10,9,7,5,4,1,
3/30/23 14:16,3/30/23 14:22,100,355,R_1lg8MzXvFlDgeAe,1,2,50,female,female,6,2,1,,,,,,,,,,,,,,,,,,,,,,,,,,,,,,,,,,,,,,,,,,,,,,,,,,,,,,,,,,,,,,,,,,,,,,,,,,,,,,,,,3,,,,,,,2,,,3,,,,,,,2,,,,,,,,3,,,,,,,,,,,,4,,,,1,,,,,,,,,,,,,,,,5,,,,,,,,,,5,,,,,,,,,,,,5,,,,,,,,,,,,7,94,17,2,6,5,1,
3/30/23 14:15,3/30/23 14:22,100,451,R_PXkvh1qn1JSWExP,1,2,44,Male,male,3,1,1,,,,1,,,,1,,,1,,,,,,,,1,,1,,,,,,,,,,,5,,,,,,,,,3,,,,,,,,,,,,,,5,,,,,,,,4,,,,,,,,,,,,,,4,,,,,,,,,,,,,,,,,,,,,,,,,,,,,,,,,,,,,,,,,,,,,,,,,,,,,,,,,,,,,,,,,,,,,,,,,,,,,,,,,,,,,,,,,,,,,,,2,62,70,4,5,6,1,
3/30/23 14:19,3/30/23 14:23,100,205,R_3PpNWZxbupSYDXX,1,2,50,Female,female,6,1,1,,,,,,,,,,,,,,,,,,,,,,,,,,,,,,,,,,,,,,,,,,,,,,,,,,,,,,,,,,,,,,,,,,,,,,,,,,,,,,,,3,,,,,1,,,,,,,,,,1,1,,,,,,,,1,,,,,5,,,,,,,,,,,,,,,,,,,,,,,5,,,,,,,,,,5,,,,,,,,,,,,5,,,,,,,,,,5,,,,,,,,7,100,1,1,6,6,1,
3/30/23 14:18,3/30/23 14:23,100,302,R_3P80PaoiDKa05RN,1,2,24,Male,male,6,1,2,,,,,,,,,,,,,,,,,,,,,,,,,,,,,,,,,,,,,,,,,,,,,,,,,,,,,,,,,,,,,,,,,,,,,,,,,,,,,,,,,,,1,,,,2,,,,,,,,2,,,,2,,,3,,,,,,,,,,,,4,,,,,,,,,,,,,,,,5,,,,4,,,,,,,,,,,,,3,,,,,,,,,,,,,,4,,,,,,,,,,,7,44,26,3,2,5,1,
3/30/23 14:22,3/30/23 14:25,100,190,R_3F2vC7x8Bo9JN3n,1,2,33,male,male,4,2,1,,,,,,,,,,,,,,,,,,,,,,,,,,,,,,,,,,,,,,,,,,,,,,,,,,,,,,,,,,,,,,,,,,,,,,,,,,,,,,,,,3,,,,1,,,,,,,,,,3,,,1,,,,,,,1,,,,,,,,,,,,,,5,,,,,,,,5,,,,,,,,,,,,,,,,,,5,,,,,,,,5,,,,,,,,,,,,,1,,,,,,5,50,50,4,4,4,1,
3/30/23 14:18,3/30/23 14:25,100,414,R_1LbWN6DW4hQ3FEl,1,2,36,Male,male,5,1,1,,,,,,,,,,,,,,,,,,,,,,,,,,,,,,,,,,,,,,,,,,,,,,,,,,,,,,,,,,,,,,,,,,,,,,,,,,,,,,,2,,,,,,,2,,,,,2,,,,,2,,,,,,,2,,,,,,,,,,,,,,5,,,,3,,,,,,,,,,,,,,,,,,5,,,,,,,5,,,,,,,,,,,,,5,,,,,,,,,,,,,6,15,5,2,4,5,1,
3/30/23 14:22,3/30/23 14:26,100,235,R_2YGilShp0tRppZh,1,2,25,female,female,5,1,1,,,,,,,,,,,,,,,,,,,,,,,,,,,,,,,,,,,,,,,,,,,,,,,,,,,,,,,,,,,,,,,,,,,,,,,,,,,,,,,,,,,2,,,,3,,,2,,,,,,,,,,3,,,,,3,,1,,,,,,,,,,,,,,,,,,,,,,4,,,,,,,,,,,,,4,,,,4,,,,,,,,,,,,,,,,,,,,,,,4,,,6,68,23,1,6,4,1,
3/30/23 14:24,3/30/23 14:27,100,177,R_1doYlbLruB8SNW6,1,2,22,Female,female,6,1,2,,,,,,,,,,,,,,,,,,,,,,,,,,,,,,,,,,,,,,,,,,,,,,,,,,,,,,,,,,,,,,,,,,,,,,,,,,,,,,,,,,3,,,,,,,2,3,,,,,,,,,2,,,3,,,,,,,,5,,,,,,,,,,,,,,,,,,4,,,,,,,5,,,,,,,,,,,,,,,,,,3,,,,,,5,,,,,,,,,,,,,7,90,10,5,6,3,1,
3/30/23 14:22,3/30/23 14:28,100,335,R_ZEJNzgBfvTtyvAJ,1,2,54,Male,male,4,2,1,,,,,,,,,,,,,,,,,,,,,,,,,,,,,,,,,,,,,,,,,,,,,,,,,,,,,,,,,,,,,,,,,,,,,,,,,,,,,,,,,,3,,,,,,2,,,,,,3,,,3,,,,,,,2,,,,,,,5,,,,,,,,,5,,,,,,,,,,,,,,,,,5,,,,,,,,,,,,,,,,,,,,,5,,,,4,,,,,,,,,,5,60,55,2,6,6,1,
3/30/23 14:24,3/30/23 14:29,100,332,R_308cxOQIbWzQ2QR,1,2,32,agender,agender,6,2,1,,,,,,,,,,,,,,,,,,,,,,,,,,,,,,,,,,,,,,,,,,,,,,,,,,,,,,,,,,,,,,,,,,,,,,,,,,,,,,,1,,,,,,,,2,,,,,1,,,,,,,1,,,,,,,1,4,,,,,,,,,,,,,,,,,,,,,,,3,,,,,,,,,,,,,,,5,,,,,,,,,,,4,,,,,,,4,,,,,,,,,7,31,9,2,7,3,1,
3/30/23 14:27,3/30/23 14:30,100,205,R_2rACZHoOhaKOYQd,1,2,34,Male,male,5,2,1,,,,,,,,,,,,,,,,,,,,,,,,,,,,,,,,,,,,,,,,,,,,,,,,,,,,,,,,,,,,,,,,,,,,,,,,,,,,,,,2,,,,,,,,,2,,,,2,,,,,3,,,,,,1,,,,,,,,,,5,,,,,,,5,,,,,,,,,,,,,5,,,,,,,,,,,,,,,,,,,,,,5,,,,,,,,,,,,,,,,5,6,80,5,3,6,5,1,
3/30/23 14:25,3/30/23 14:30,100,312,R_2zdcntitjoQjb6z,1,2,22,Male,male,3,1,1,,2,,,,,,,,1,,,,,1,,1,,,,,,2,,,5,,,,,,,,,,,,,,,,5,,,,,,,,,,,5,,,,,,,,,,,,,5,,,,,,,,,,,,5,,,,,,,,,,,,,,,,,,,,,,,,,,,,,,,,,,,,,,,,,,,,,,,,,,,,,,,,,,,,,,,,,,,,,,,,,,,,,,,,,,,,,,,,,,,,,,3,40,65,3,5,6,1,
3/30/23 14:27,3/30/23 14:30,100,202,R_1nOwZoXwOl7wCtw,1,2,39,Male,male,3,1,1,,2,,,,,,,5,,,,,2,,,,,4,,,3,,,,,,,,,,,,,5,,,,5,,,,,,,,,,5,,,,,,,,,,,,,4,,,,,,,,,,,,,,5,,,,,,,,,,,,,,,,,,,,,,,,,,,,,,,,,,,,,,,,,,,,,,,,,,,,,,,,,,,,,,,,,,,,,,,,,,,,,,,,,,,,,,,,,,,,,,,,4,24,33,5,5,5,1,
3/30/23 14:26,3/30/23 14:30,100,275,R_2c7xB2my29QPnfo,1,2,31,female,female,4,2,1,,,,,,,,,,,,,,,,,,,,,,,,,,,,,,,,,,,,,,,,,,,,,,,,,,,,,,,,,,,,,,,,,,,,,,,,,,,,,,,,,,,1,,2,,,,,,1,,,,,,,1,,,2,,,,,,,,,,,5,,,,,,,,,,,,,,,,,,,5,,,,,,,,,,4,,,,,,,,,,,,,,,,,5,,,,,,,,5,,,,,,4,1,1,2,1,7,1,
3/30/23 14:26,3/30/23 14:31,100,250,R_3NJlsUCq1IDeiBo,1,2,24,Female,female,6,1,1,,,,,,,,,,,,,,,,,,,,,,,,,,,,,,,,,,,,,,,,,,,,,,,,,,,,,,,,,,,,,,,,,,,,,,,,,,,,,,,,,,,,1,,2,,,,4,,,,,,1,,,,,,2,,,,,,,,,,,,,,,,4,,,,,,5,,,,,,,,,,4,,,,,,,,,,,,,,,,5,,,,,,,,,,,,,,,,,,4,,,,7,93,0,2,7,2,1,
3/30/23 14:27,3/30/23 14:31,100,214,R_3HY9lC8OR5pYesO,1,2,57,Female,female,3,2,1,,,,,1,,5,,,,1,,,,,,,5,,,1,,,,,,,,,,,,,,,5,,5,,,,,,,,,,,,,5,,,,,,,,,,,,,,,,5,5,,,,,,,,,,,,,,,,,,,,,,,,,,,,,,,,,,,,,,,,,,,,,,,,,,,,,,,,,,,,,,,,,,,,,,,,,,,,,,,,,,,,,,,,,,,,,,,,,,,,,,,,1,49,61,1,7,7,1,
3/30/23 14:23,3/30/23 14:31,100,499,R_3phaaEDDSQLblQa,1,2,64,Male,male,3,2,1,,,2,,,1,,,,,,,,,1,,,,,1,1,,,,,,,,,5,,,,,,,,,,,,,,5,,,5,,,,,,,,,,,,,,5,,,,,,,,,,,5,,,,,,,,,,,,,,,,,,,,,,,,,,,,,,,,,,,,,,,,,,,,,,,,,,,,,,,,,,,,,,,,,,,,,,,,,,,,,,,,,,,,,,,,,,,,,,,,,,,,4,0,0,1,1,5,1,
3/30/23 14:24,3/30/23 14:31,100,446,R_1esDeBuDu8FDJyx,1,2,62,Female,female,6,1,1,,,,,,,,,,,,,,,,,,,,,,,,,,,,,,,,,,,,,,,,,,,,,,,,,,,,,,,,,,,,,,,,,,,,,,,,,,,,,,,,,,,,2,1,,,,,,,,,,2,,,2,,,1,,,,,,,,5,,,,,,,,,,,,,,5,,,,,,,,,,,,,,,5,,,,,,,,,,,,,,,,5,,,,,,,,3,,,,,,,,,,6,95,5,1,5,5,1,
3/30/23 14:28,3/30/23 14:31,100,219,R_1LbBZfP9rv7arfB,1,2,40,male,male,3,1,1,,,,1,,,,2,,,,1,,,,,2,,,,,,,1,,,5,,,,,,,,,,,,,5,,,,,,,,,,4,,,,,,,,5,,,,,,,,,,,4,,,,,,,,,,,,,,,,,,,,,,,,,,,,,,,,,,,,,,,,,,,,,,,,,,,,,,,,,,,,,,,,,,,,,,,,,,,,,,,,,,,,,,,,,,,,,,,,,,,,,,,3,64,63,5,3,6,1,
3/30/23 14:25,3/30/23 14:31,100,384,R_2amLY6VVstTd0jg,1,2,42,female,female,6,1,1,,,,,,,,,,,,,,,,,,,,,,,,,,,,,,,,,,,,,,,,,,,,,,,,,,,,,,,,,,,,,,,,,,,,,,,,,,,,,,,,,,3,,,,,,,2,,,4,,,,2,,,,,,,,1,,,,3,,,,,,,,,,,,,,,,,,5,,,,,,,,,,,,,,,,,5,,,,,,,,,3,,,,,,,,,,,,,1,,,,,,,7,60,6,5,5,4,1,
3/30/23 14:26,3/30/23 14:32,100,383,R_2CkaUDJCbKy7Bh0,1,2,47,male,male,6,2,1,,,,,,,,,,,,,,,,,,,,,,,,,,,,,,,,,,,,,,,,,,,,,,,,,,,,,,,,,,,,,,,,,,,,,,,,,,,,,,,,3,,,,,,,,1,,,3,,,,,,3,,,,,,1,,,,,,,,,,,,,,,,4,,5,,,,,,,,,,,,,,,,5,,,,,,,,,,,,,,4,,,,,,,,,,,,,,,,5,,,,,7,71,15,2,6,2,1,
3/30/23 14:27,3/30/23 14:32,100,299,R_32RqnhPPcGhcjbE,1,2,18,Female,female,4,2,2,,,,,,,,,,,,,,,,,,,,,,,,,,,,,,,,,,,,,,,,,,,,,,,,,,,,,,,,,,,,,,,,,,,,,,,,,,,,,,,,,1,,,,,3,,,,4,,,,,,,,,,2,1,,,,,,,,,,,,,5,,,,,,,,5,,,,,,,,,,,,,,,,,,,,,,4,,,5,,,,,,,,,,,,,,,,,,,,,,,5,,5,76,49,2,5,6,1,
3/30/23 14:24,3/30/23 14:33,100,515,R_28Unfo2IoydRkGK,1,2,51,female,female,2,2,1,,,1,,,,,,1,,,,1,,,,,,,1,,1,,,,,,,,,,,,5,,,,,,,,,,,,3,,,,,,,,5,,,,,,5,,,,,,,,,,,3,,,,,,,,,,,,,,,,,,,,,,,,,,,,,,,,,,,,,,,,,,,,,,,,,,,,,,,,,,,,,,,,,,,,,,,,,,,,,,,,,,,,,,,,,,,,,,,,,,,,,2,51,80,1,4,4,1,
3/30/23 14:29,3/30/23 14:33,100,264,R_3pih3CHr3o8Le3T,1,2,30,Male,male,6,1,2,,,,,,,,,,,,,,,,,,,,,,,,,,,,,,,,,,,,,,,,,,,,,,,,,,,,,,,,,,,,,,,,,,,,,,,,,,,,,,,,,2,,,,,,,,1,,,,,2,,,,,1,,,,,,1,,,,,,,,,,5,,,,,,,,,,,,5,,,,,,,,,,,,,5,,,,,,,,,3,,,,,,,,,,,,,,,5,,,,,,,,7,75,1,4,7,6,1,I think this is a well put together survey.
3/30/23 14:23,3/30/23 14:34,100,676,R_1K47q7t9Zp1NZRk,1,2,46,Male,male,3,2,1,3,,,,,,,,1,,,2,,,,3,,,,,,,5,,,,,,,,5,,,,,,,,,,,,5,,,,,,,,,,,,,,5,,,,,,,,5,,,,,,,,5,,,,,,,,,,,,,,,,,,,,,,,,,,,,,,,,,,,,,,,,,,,,,,,,,,,,,,,,,,,,,,,,,,,,,,,,,,,,,,,,,,,,,,,,,,,,,,,,,,,3,10,80,1,1,4,1,
3/30/23 14:30,3/30/23 14:34,100,287,R_1QtKEqskcjlEg3h,1,2,33,Male,male,4,1,2,,,,,,,,,,,,,,,,,,,,,,,,,,,,,,,,,,,,,,,,,,,,,,,,,,,,,,,,,,,,,,,,,,,,,,,,,,,,,,,,,,,1,,,,2,,,,,,,1,,1,,,,,,2,,,,,,,5,,,,,,,,,,,,,,,,5,,,,,,,,,,,,,5,,,,,,,,,,5,,,,,,,,,,,,5,,,,,,,,,,,,5,60,10,2,5,6,1,N/A
3/30/23 14:31,3/30/23 14:35,100,233,R_3fC1LbuTu632z1d,1,2,68,,,3,1,1,,2,,,,,,1,,,,,,,1,,,2,,,,,,2,,,,5,,,,,,,,,,,,,,,,5,,,,,,,5,,,,,,,,,,,5,,,,,,,,,5,,,,,,,,,,,,,,,,,,,,,,,,,,,,,,,,,,,,,,,,,,,,,,,,,,,,,,,,,,,,,,,,,,,,,,,,,,,,,,,,,,,,,,,,,,,,,,,,,,,,,4,9,9,1,5,7,1,I enjoyed your thought provokeing survye on us leaders using twitter and theirpolitica attitudes regarding bepartisanship
3/30/23 14:32,3/30/23 14:35,100,178,R_1I5cRaEmRIJnXIm,1,2,22,female,female,4,1,1,,,,,,,,,,,,,,,,,,,,,,,,,,,,,,,,,,,,,,,,,,,,,,,,,,,,,,,,,,,,,,,,,,,,,,,,,,,,,,,,,,,,2,4,,,,,,,,,,2,,,,,2,,,,,1,,,,,,,,,,,2,,,,,,,,,,,,,,,,4,,,,4,,,,,,,,,,,2,,,,,,,,,,,,,,,,,,4,,,,,,,4,81,68,3,5,5,1,
3/30/23 14:29,3/30/23 14:35,100,354,R_1Iag6ncCEfKtAPB,1,2,30,female,female,3,1,2,,,2,,,,2,,,,1,,,,,,,,,1,,,,,1,,,,,,,,5,,,,,,,,,5,,,,,,,,,,5,,,,,,,,,,,,,5,,,5,,,,,,,,,,,,,,,,,,,,,,,,,,,,,,,,,,,,,,,,,,,,,,,,,,,,,,,,,,,,,,,,,,,,,,,,,,,,,,,,,,,,,,,,,,,,,,,,,,,,,,,,3,39,55,3,5,5,1,NA
3/30/23 14:29,3/30/23 14:35,100,377,R_2WYHwAwqIcQVxo4,1,2,66,male,male,3,1,1,,,,,2,,,,,4,,1,,,,,3,,,,,,,,2,,,,,,5,,,,,,5,,,,,,,,,,,,5,,,,,,,,,5,,,,,,,,,,,,,,,,,5,,,,,,,,,,,,,,,,,,,,,,,,,,,,,,,,,,,,,,,,,,,,,,,,,,,,,,,,,,,,,,,,,,,,,,,,,,,,,,,,,,,,,,,,,,,,,,,,,3,20,60,1,7,7,1,
3/30/23 14:32,3/30/23 14:36,100,209,R_31LqKVBqrcUfnJg,1,2,44,female,female,4,1,1,,,,,,,,,,,,,,,,,,,,,,,,,,,,,,,,,,,,,,,,,,,,,,,,,,,,,,,,,,,,,,,,,,,,,,,,,,,,,,,,3,,,,,,,,1,,,,,,2,,,,1,,,,,,,,3,,,,5,,,,,,,,,,,,,,5,,,,,,,,,,,,2,,,,,,,,,,,,,,,,5,,,,,,,,,,,,,,,,,,5,,4,62,31,1,3,7,1,This was an interesting study.
3/30/23 14:32,3/30/23 14:36,100,269,R_12bThQGyIfam9nv,1,2,21,Male,male,3,1,2,2,,,,,,,,,3,,,,1,,1,,,,,,,2,,,,,,,4,,,,,,,,,,,2,,,,,,,,,,,2,,,,,,,,,,,,4,,,,,,,,,,5,,,,,,,,,,,,,,,,,,,,,,,,,,,,,,,,,,,,,,,,,,,,,,,,,,,,,,,,,,,,,,,,,,,,,,,,,,,,,,,,,,,,,,,,,,,,,,,,,,3,45,50,1,2,5,1,
3/30/23 14:32,3/30/23 14:36,100,254,R_1Ng1OfqKz0FiPfG,1,2,38,Male,male,4,1,1,,,,,,,,,,,,,,,,,,,,,,,,,,,,,,,,,,,,,,,,,,,,,,,,,,,,,,,,,,,,,,,,,,,,,,,,,,,,,,,1,,,,,,,4,,,,,1,,,,,,,,3,,,,,,3,,,,,,5,,,,,,,,,,,2,,,,,,,,,,,4,,,,,,,,,,,,,,,,3,,,,,,,,,,,,,,,,,,5,,,,,4,20,15,2,3,4,1,
3/30/23 14:28,3/30/23 14:37,100,517,R_1F3WUGE17kSVyKz,1,2,32,32,,4,1,1,,,,,,,,,,,,,,,,,,,,,,,,,,,,,,,,,,,,,,,,,,,,,,,,,,,,,,,,,,,,,,,,,,,,,,,,,,,,,,,,,,,,3,,,3,,,,,,,,2,,2,,,,,,1,,,,,,,,,,,,,,4,,,,,,,,,,5,,,,,,,,,,,,5,,,,,,,,,,,,,,,,,,5,,,,5,,,,,,,,,,,7,32,0,1,6,3,1,
3/30/23 14:31,3/30/23 14:37,100,323,R_3hGFHIAjGnLVxIL,1,2,41,Male,male,5,2,1,,,,,,,,,,,,,,,,,,,,,,,,,,,,,,,,,,,,,,,,,,,,,,,,,,,,,,,,,,,,,,,,,,,,,,,,,,,,,,,,,,1,,,,,,,1,,,,,1,,,,,3,,,,,2,,,,,,,,,,,,,,4,,,,,,,,,,,4,,,,,,,,,,5,,,,,,,,,,,,,,,,5,,,,5,,,,,,,,,,,,,6,95,10,2,7,7,1,
3/30/23 14:34,3/30/23 14:37,100,141,R_1pRTY03F0AGtS22,1,2,55,male,male,3,1,2,3,,,,,2,,,,,,,3,,,,,,,2,,3,,,,,,,,,,,,,4,,,,,,,,5,,,,,,,,,,,,,,5,,,,,,,,,4,,,,5,,,,,,,,,,,,,,,,,,,,,,,,,,,,,,,,,,,,,,,,,,,,,,,,,,,,,,,,,,,,,,,,,,,,,,,,,,,,,,,,,,,,,,,,,,,,,,,,,,,,,,4,29,31,2,3,6,1,
3/30/23 14:30,3/30/23 14:38,100,498,R_1QhWCdeC1MIPKqC,1,2,39,male,male,4,2,1,,,,,,,,,,,,,,,,,,,,,,,,,,,,,,,,,,,,,,,,,,,,,,,,,,,,,,,,,,,,,,,,,,,,,,,,,,,,,,,,,,,1,,2,,,,,,1,,,,,,,,,1,2,,,,,,,4,,,,,,,,,,,,,,,,,5,,,,,,,,,,,,,,,,4,,,,,,,,,,5,,,,,,,,,4,,,,,,,,,,,,4,29,35,3,4,7,1,
3/30/23 14:35,3/30/23 14:38,100,200,R_yqDrKOZrMY2Sq2J,1,2,32,Male,male,4,1,1,,,,,,,,,,,,,,,,,,,,,,,,,,,,,,,,,,,,,,,,,,,,,,,,,,,,,,,,,,,,,,,,,,,,,,,,,,,,,,,,,,2,,,,,,2,,,,,2,,,1,,,,,,2,,,,,,,,,,,,,,,,,5,,5,,,,,,,,,,,,,,5,,,,,,,,,,,,,,,,,,5,,,,,,,,5,,,,,,,,,,,4,0,0,5,3,7,1,
3/30/23 14:35,3/30/23 14:38,100,203,R_1YVQKaw3OrQWvZL,1,2,59,Female,female,6,1,2,,,,,,,,,,,,,,,,,,,,,,,,,,,,,,,,,,,,,,,,,,,,,,,,,,,,,,,,,,,,,,,,,,,,,,,,,,,,,,,,1,,,,,,,2,,,,,,,,1,,,,3,,,,,2,,,,5,,,,,,,,,,,,,,,,,,,,,,,,5,,,,,,,,,,,5,,,,,,,,,,,5,,,,,,,,,,5,,,,,,,,6,100,9,2,7,7,1,
3/30/23 14:24,3/30/23 14:39,100,873,R_2qkD7MeuX7QlSiw,1,2,24,Male,male,4,1,1,,,,,,,,,,,,,,,,,,,,,,,,,,,,,,,,,,,,,,,,,,,,,,,,,,,,,,,,,,,,,,,,,,,,,,,,,,,,,,,,1,,,,,,,,1,,,,,,2,,,,,,1,,,,,,3,,,,,,,5,,,,,,,,,,5,,,,,,,,,,,,,,5,,,,,,,,,,,5,,,,,,,,,,,,,,,,,,,,,,,3,4,20,18,5,1,7,1,
3/30/23 14:36,3/30/23 14:39,100,200,R_1KqHxIczSLQbyXr,1,2,37,female,female,5,2,1,,,,,,,,,,,,,,,,,,,,,,,,,,,,,,,,,,,,,,,,,,,,,,,,,,,,,,,,,,,,,,,,,,,,,,,,,,,,,,,,2,,,,,,2,,,,,,,,,2,,,2,,,,2,,,,,,,,,,4,,,,,,,,,,,,,,,,,,5,,,,,,,,,,,,4,,,,,,,,,5,,,,,,,,,,,,,,,,,5,,,,6,71,29,2,4,4,1,
3/30/23 14:37,3/30/23 14:39,100,174,R_21HwXnepw9Ipvkw,1,2,27,,,3,1,2,,,2,,,,3,,,,,,,3,,,,,3,,,,,2,,,,,,,,,,5,,,,,4,,,,,,,,,,,,,,,,5,,,,,,5,,,,,,,,,,,,,,,,,5,,,,,,,,,,,,,,,,,,,,,,,,,,,,,,,,,,,,,,,,,,,,,,,,,,,,,,,,,,,,,,,,,,,,,,,,,,,,,,,,,,,,,,,,,,,,,,4,1,15,5,5,2,1,
3/30/23 14:32,3/30/23 14:40,100,468,R_2zG4t8JRxro7C7Z,1,2,34,Female,female,3,1,2,,,,1,,,,1,,,,,,,3,2,,,,,,,4,,,5,,,,,,,,,,,,,,,,,,,,4,,,,,,,5,,,,,,,4,,,,,,,,,,,,3,,,,,,,,,,,,,,,,,,,,,,,,,,,,,,,,,,,,,,,,,,,,,,,,,,,,,,,,,,,,,,,,,,,,,,,,,,,,,,,,,,,,,,,,,,,,,,,,,,,,3,35,50,6,4,6,1,
3/30/23 14:35,3/30/23 14:40,100,276,R_XgZnfXbak18VzdT,1,2,31,male,male,5,1,1,,,,,,,,,,,,,,,,,,,,,,,,,,,,,,,,,,,,,,,,,,,,,,,,,,,,,,,,,,,,,,,,,,,,,,,,,,,,,,,,,,3,,,,,,3,,,2,,,,,,,,,2,,,3,,,,5,,,,,,,,,,,,,,,,,,,,,5,,,,,,,,,,,,,,,,,4,,,,,,,,,,,,,5,,,,,,,,,,5,,,,6,82,19,1,5,3,1,
3/30/23 14:27,3/30/23 14:40,100,781,R_4YhN9dg7PS7X4ul,1,2,65,female,female,6,1,2,,,,,,,,,,,,,,,,,,,,,,,,,,,,,,,,,,,,,,,,,,,,,,,,,,,,,,,,,,,,,,,,,,,,,,,,,,,,,,,,,1,,,,,,1,,,,,1,,,,,3,,,,,,,1,,,,,,,,,,,,,5,,,5,,,,,,,,,,,,,,5,,,,,,,,,,,,,,,,,,,,,,5,,,,,,,5,,,,,,,,,4,71,60,2,4,6,1,"Unfortunately it always down to one party wanting or having power over the other, there must be a better to meet the needs of all citizens."
3/30/23 14:38,3/30/23 14:41,100,177,R_3z6z5ZFn1iVB0zv,1,2,30,Female,female,6,1,2,,,,,,,,,,,,,,,,,,,,,,,,,,,,,,,,,,,,,,,,,,,,,,,,,,,,,,,,,,,,,,,,,,,,,,,,,,,,,,,,,,,1,,,,2,,,3,,,,,,,,1,,,,,1,,,,,,,5,,,,,,,,,,5,,,,,,,,,,,,,,,,,,,,,,,,,5,,,,,,,,,,,5,,,,,,,,,5,,,,,,,7,67,18,3,5,4,1,
3/30/23 14:38,3/30/23 14:41,100,182,R_2zjpQmWUFNAsgG1,1,2,27,female,female,5,1,2,,,,,,,,,,,,,,,,,,,,,,,,,,,,,,,,,,,,,,,,,,,,,,,,,,,,,,,,,,,,,,,,,,,,,,,,,,,,,,,,,,3,,,2,,,,,,,,3,,,,,,1,,3,,,,,,,,,,,,,,,,2,,,2,,,,,,,,,,,,,,,,,,4,,,,,,,,,,,,3,,,,,,,,,,2,,,,,,,,,,,,4,71,23,1,2,4,1,
3/30/23 14:37,3/30/23 14:41,100,230,R_3OjBMyasbTVwP4R,1,2,36,Man,male,4,1,1,,,,,,,,,,,,,,,,,,,,,,,,,,,,,,,,,,,,,,,,,,,,,,,,,,,,,,,,,,,,,,,,,,,,,,,,,,,,,,,,,,1,,,,,,1,,,,,,1,,,,,,2,1,,,,,,,,,,,,,,,,,,4,,,,,,,5,,,,,,,,,,5,,,,,,,,,,5,,,,,,,,,,,,,,,,,,,,,,,4,,,5,60,45,2,4,6,1,
3/30/23 14:37,3/30/23 14:41,100,220,R_2dACgZaFosUIv1Q,1,2,26,Male,male,5,1,2,,,,,,,,,,,,,,,,,,,,,,,,,,,,,,,,,,,,,,,,,,,,,,,,,,,,,,,,,,,,,,,,,,,,,,,,,,,,,,,,,3,,,,,,2,,,,,2,,,,,4,,,,,,,,,3,,,,,,,,5,,,,,,,,,,,5,,,,,,,,5,,,,,,,,,,,,,,,,,,,,5,,,,,,,,,,,,,5,,,,,,6,88,4,6,7,5,1,
3/30/23 14:37,3/30/23 14:41,100,229,R_b4pPi51IldF2KM9,1,2,47,Female,female,3,2,1,,,,1,,,,,,2,,,1,,,,,1,,,,1,,,,,4,,,,,,,,,,,5,,,,,,,,,,,,,,,,4,,,,,,,,,,,,,4,,,,,,5,,,,,,,,,,,,,,,,,,,,,,,,,,,,,,,,,,,,,,,,,,,,,,,,,,,,,,,,,,,,,,,,,,,,,,,,,,,,,,,,,,,,,,,,,,,,,,,,,,,4,100,100,1,1,4,1,
3/30/23 14:33,3/30/23 14:41,100,484,R_3nOdXbd1uCbJG4f,1,2,70,Female,female,5,2,1,,,,,,,,,,,,,,,,,,,,,,,,,,,,,,,,,,,,,,,,,,,,,,,,,,,,,,,,,,,,,,,,,,,,,,,,,,,,,,,1,,,,,,1,,,,,,,,,,1,,2,,,,,1,,,,,,,,,,,,5,,,,,,,,,,,,,,,,,5,,,,,,,,,,,,,5,,5,,,,,,,,,,,,,,,,1,,,,,,,,,,5,100,50,2,6,5,1,
3/30/23 14:34,3/30/23 14:42,100,490,R_OOlhxlRVuDIuVI5,1,2,54,Female,female,5,2,1,,,,,,,,,,,,,,,,,,,,,,,,,,,,,,,,,,,,,,,,,,,,,,,,,,,,,,,,,,,,,,,,,,,,,,,,,,,,,,,1,,,,,,,,,,1,,,4,,,,,,2,,,,,,,,2,,,,,,,,,5,,,,,,,,5,,,,,,,,,,,,,,,,,4,,,,,,,,,,5,,,,,,,,,,,,,,,,5,,,,,,5,91,10,2,5,6,1,
3/30/23 14:36,3/30/23 14:42,100,323,R_1eyG9elLlCzfbv3,1,2,37,female,female,6,1,1,,,,,,,,,,,,,,,,,,,,,,,,,,,,,,,,,,,,,,,,,,,,,,,,,,,,,,,,,,,,,,,,,,,,,,,,,,,,,,,,,,,,1,,,,,1,,,2,,,,1,,,,,,,,2,,,,,,,5,,,,,,,,,,,,,,,,,,2,,,,,,,,,,,,5,,,,,,5,,,,,,,,,,,,,,5,,,,,,,,,,,7,68,0,1,7,4,1,
3/30/23 14:38,3/30/23 14:42,100,250,R_1pEev0il4XZZxyB,1,2,32,male,male,4,1,2,,,,,,,,,,,,,,,,,,,,,,,,,,,,,,,,,,,,,,,,,,,,,,,,,,,,,,,,,,,,,,,,,,,,,,,,,,,,,,,2,,,,,,,,,,1,,3,,,,,,,,,1,,,,,2,,5,,,,,,,,,,,,,,,,,,,,,5,,,,,,,,,,,4,,,,,,,4,,,,,,,,,,,,,,,,2,,,,,,,,,,4,75,75,2,3,4,1,
3/30/23 14:34,3/30/23 14:42,100,507,R_2OSGGW0uGBpkigm,1,2,37,female,female,5,1,2,,,,,,,,,,,,,,,,,,,,,,,,,,,,,,,,,,,,,,,,,,,,,,,,,,,,,,,,,,,,,,,,,,,,,,,,,,,,,,,,,4,,,,,2,,,,,,,1,,,,2,,,,,,1,,,,,,,,,,,,,5,,,,,,,,,,5,,,,,,,,,,,,,,,,3,,,,,,,,,,,,,,,5,,,,,,,,,,,,5,,,6,44,3,6,4,6,1,"It was fine, no issues."
3/30/23 14:36,3/30/23 14:42,100,402,R_XMWrg66HeMc3YZz,1,2,38,male,male,4,1,2,,,,,,,,,,,,,,,,,,,,,,,,,,,,,,,,,,,,,,,,,,,,,,,,,,,,,,,,,,,,,,,,,,,,,,,,,,,,,,,,3,,,,,2,,,,,,,,,3,,3,,,,,,3,,,,,,,,,,5,,,,,,,,,,5,,,,,,,,,,,,,,,5,,,,,,,,,,,,,,,,,,5,,,,,,,,,,,,5,,,,,5,15,2,2,3,5,1,
3/30/23 14:37,3/30/23 14:42,100,308,R_ym7XDgCXDFxfanf,1,2,27,Non-Binary,nonbinary,4,1,1,,,,,,,,,,,,,,,,,,,,,,,,,,,,,,,,,,,,,,,,,,,,,,,,,,,,,,,,,,,,,,,,,,,,,,,,,,,,,,,3,,,,,,,3,,,,1,,,,,,,,,,3,2,,,,,,,,,4,,,,,,,,,,,,,,,,,,,,,,4,,,4,,,,,,,,,,,,,,,,,,,4,,,,,2,,,,,,,,,,,,,4,0,0,1,1,7,1,Neither side should have tons of power
3/30/23 14:40,3/30/23 14:43,100,170,R_2XoHlWiRzGtAm71,1,2,25,Female,female,6,1,2,,,,,,,,,,,,,,,,,,,,,,,,,,,,,,,,,,,,,,,,,,,,,,,,,,,,,,,,,,,,,,,,,,,,,,,,,,,,,,,2,,,,,,,,,,1,,2,,,,,1,,,,,3,,,,,,,,,,,5,,,,,,,,,,,,5,,,,,,,,,,,,,5,,,,,,,,,,,,,5,,,,,,,,,,,,,,,,,,,,5,,7,96,3,5,7,5,1,
3/30/23 14:36,3/30/23 14:43,100,417,R_26gaZ9zdnCQ4eYW,1,2,47,Female,female,4,2,1,,,,,,,,,,,,,,,,,,,,,,,,,,,,,,,,,,,,,,,,,,,,,,,,,,,,,,,,,,,,,,,,,,,,,,,,,,,,,,,,,,,1,,,3,,,,,,,,1,,1,,,,,,,,,,1,,,,,,,,,,,,4,,,,,,,,,,,,,5,,,,,,,,,,,,,5,,,,,,,,,,5,,,,,,,,1,,,,,,,,,,4,81,60,5,3,4,1,
3/30/23 14:40,3/30/23 14:43,100,191,R_1g8iy1gZQqHv4md,1,2,57,male,male,4,2,1,,,,,,,,,,,,,,,,,,,,,,,,,,,,,,,,,,,,,,,,,,,,,,,,,,,,,,,,,,,,,,,,,,,,,,,,,,,,,,,,,3,,,,,3,,,,3,,,,,,,,,2,,,,,,,2,,,,,,,,,,4,,,,,,5,,,,,,,,,,,,,,,,,,,4,,,,,,,4,,,,,,,,,,,,,,,,,,,,,,,4,4,51,50,2,2,6,1,
3/30/23 14:28,3/30/23 14:43,100,906,R_1fkihnUQ1dTghRy,1,2,65,female,female,3,1,1,,,,,1,1,,,,,,,,1,,,,,1,,,,,1,,,,,4,,,,,,,,,,,,,,,,5,,3,,,,,,,,,,,,,,,,,,,,3,,,,,,,,5,,,,,,,,,,,,,,,,,,,,,,,,,,,,,,,,,,,,,,,,,,,,,,,,,,,,,,,,,,,,,,,,,,,,,,,,,,,,,,,,,,,,,,,,,,,,,,,,,2,5,50,1,6,4,1,
3/30/23 14:33,3/30/23 14:43,100,600,R_30qOmGmaTXnBAGC,1,2,66,female,female,3,1,1,,1,,,,,,,1,,4,,,,,3,,,,,2,,,,,,,,,,,,,,,5,,5,,,,,,,,,,5,,,,,,,,,,,3,,,,,,,,,,5,,,,,,,,,,,,,,,,,,,,,,,,,,,,,,,,,,,,,,,,,,,,,,,,,,,,,,,,,,,,,,,,,,,,,,,,,,,,,,,,,,,,,,,,,,,,,,,,,,,,,,,4,5,87,4,6,4,1,
3/30/23 14:38,3/30/23 14:43,100,295,R_6nG7vNcovUWLb1L,1,2,23,Woman,female,6,1,2,,,,,,,,,,,,,,,,,,,,,,,,,,,,,,,,,,,,,,,,,,,,,,,,,,,,,,,,,,,,,,,,,,,,,,,,,,,,,,,,1,,,,,,,,1,,,,,1,,,1,,,,,,,,,1,,,,,,,,,,,,,5,,,,,,,,,,,,,5,,,,,,,,,5,,,,,,,,,,,,,,,,5,,,,,,,,,,,,,5,,,7,61,30,2,1,7,1,
3/30/23 14:39,3/30/23 14:43,100,278,R_1llZLBoLXDDfCGA,1,2,34,Female,female,6,1,1,,,,,,,,,,,,,,,,,,,,,,,,,,,,,,,,,,,,,,,,,,,,,,,,,,,,,,,,,,,,,,,,,,,,,,,,,,,,,,,,,1,,,,,,2,,,,,,2,,,,,,1,,,,,2,,,,,4,,,,,,,,,,,,,,,,,,,,,4,,,,,,,,,,,,4,,,,,,,,,,3,,,,,,,,,,,,,,,,,,4,,6,72,20,1,7,5,1,This was really interesting and a good thought provoking study. Thank you. 
3/30/23 14:36,3/30/23 14:43,100,434,R_3fH7Q0cM0ceZFw0,1,2,67,Male,male,2,1,1,,2,,,,,,,,4,,,1,,,,,,3,,,,,,1,,,,,,,5,,,,,5,,,,,,,,,,,,,5,,,,,,,,,,,,,5,,,,,,,,,,,,,5,,,,,,,,,,,,,,,,,,,,,,,,,,,,,,,,,,,,,,,,,,,,,,,,,,,,,,,,,,,,,,,,,,,,,,,,,,,,,,,,,,,,,,,,,,,,,,,,2,31,72,2,5,6,1,
3/30/23 14:40,3/30/23 14:43,100,183,R_BtzR4OmcL58plXb,1,2,55,female,female,4,1,1,,,,,,,,,,,,,,,,,,,,,,,,,,,,,,,,,,,,,,,,,,,,,,,,,,,,,,,,,,,,,,,,,,,,,,,,,,,,,,,,,,,,3,,,,,1,3,,,,,,,,,,1,,,,,1,,,,5,,,,,,,,,,,,5,,,,,,,,,,,,,,,,,,5,,,,,,,,5,,,,,,,,,,,,,,,,,,,,,3,,,,5,50,50,1,4,6,1,
3/30/23 14:40,3/30/23 14:43,100,185,R_1hxSIehmfJuYm9u,1,2,28,female,female,3,2,1,,,,2,,,,,4,,,,,,5,,,,,3,4,,,,,,,,,,,,2,,,,,,,,,,,,,3,,,,,,,,,,4,,,,,,4,,,,,,,,,5,,,,,,,,,,,,,,,,,,,,,,,,,,,,,,,,,,,,,,,,,,,,,,,,,,,,,,,,,,,,,,,,,,,,,,,,,,,,,,,,,,,,,,,,,,,,,,,,,,,,,4,13,42,1,1,1,1,
3/30/23 14:39,3/30/23 14:43,100,280,R_33kdQ3WO52pppaj,1,2,30,female,female,6,1,1,,,,,,,,,,,,,,,,,,,,,,,,,,,,,,,,,,,,,,,,,,,,,,,,,,,,,,,,,,,,,,,,,,,,,,,,,,,,,,,,,,,1,,1,,,,,,,,,3,,,,1,,,,3,,,,,,5,,,,,,,,,,,,,,,,,,,,,,5,,,,5,,,,,,,,,,,,,,5,,,,,,,,,,,,,,,,,,4,,,,,,7,81,2,2,6,4,1,
3/30/23 14:38,3/30/23 14:43,100,318,R_30qIcxTleKolLpY,1,2,53,female,female,4,1,2,,,,,,,,,,,,,,,,,,,,,,,,,,,,,,,,,,,,,,,,,,,,,,,,,,,,,,,,,,,,,,,,,,,,,,,,,,,,,,,,,,1,,,2,,,,,,,,,2,,,2,,,,,,1,,,,,,,,5,,,,,,,,,,,,5,,,,,,,,,,,5,,,,,,,,,,,,,,,5,,,,,,,,,,,,,,,5,,,,,,,,4,75,55,5,4,7,1,
3/30/23 14:36,3/30/23 14:44,100,423,R_1gBYORu0wEK0MWV,1,2,24,Male,male,4,2,1,,,,,,,,,,,,,,,,,,,,,,,,,,,,,,,,,,,,,,,,,,,,,,,,,,,,,,,,,,,,,,,,,,,,,,,,,,,,,,,,2,,,,,,,,1,,1,,,,,,,,1,,,,,,,,4,,,,,,,,,,5,,,,,,,,,,,5,,,,,,,,,5,,,,,,,,,,,,,,,,,,,,,5,,,,,,,5,,,,,,,,6,10,0,2,2,2,1,"This was interesting, thank you for letting me participate."
3/30/23 14:40,3/30/23 14:44,100,231,R_sUaXijHYA3IPZUR,1,2,48,female,female,6,2,1,,,,,,,,,,,,,,,,,,,,,,,,,,,,,,,,,,,,,,,,,,,,,,,,,,,,,,,,,,,,,,,,,,,,,,,,,,,,,,,2,,,,,,,,1,,,,1,,,,,,,,1,,,,,,,1,,,,,,,,,5,,,,,,5,,,,,,,,,,,,,,,,,,,,1,,,,,,,,1,,,,,,,,,,,,,,5,,,,,,,,,7,76,0,5,7,2,1,
3/30/23 14:41,3/30/23 14:44,100,177,R_2pJoOQvcKxRDyVe,1,2,35,male,male,5,1,1,,,,,,,,,,,,,,,,,,,,,,,,,,,,,,,,,,,,,,,,,,,,,,,,,,,,,,,,,,,,,,,,,,,,,,,,,,,,,,,,,,,,5,,,,,1,,1,,,,,1,,,,,,,,,1,,,,,,,,,,,,,,3,,,,5,,,,,,,,,,,,,,,5,,,,,,,,,,,,,,,,,,,,3,,,,,,5,,,,,,,,6,90,20,1,6,6,1,
3/30/23 14:39,3/30/23 14:44,100,313,R_3smJaHRJU1jAlE5,1,2,30,male,male,6,1,1,,,,,,,,,,,,,,,,,,,,,,,,,,,,,,,,,,,,,,,,,,,,,,,,,,,,,,,,,,,,,,,,,,,,,,,,,,,,,,,,,,,,1,,,,,2,,,,1,,,,1,,,,,,3,,,,5,,,,,,,,,,,,,,,,,,,,,,,,,5,,,,,,,,,,,4,,,,,,,,,,3,,,,,,,,,,,,,,5,,,,,7,75,5,1,7,5,1,
3/30/23 14:33,3/30/23 14:44,100,669,R_3jUUJdvLI9aSN3n,1,2,36,female,female,6,1,1,,,,,,,,,,,,,,,,,,,,,,,,,,,,,,,,,,,,,,,,,,,,,,,,,,,,,,,,,,,,,,,,,,,,,,,,,,,,,,,,,,,2,,,,2,,,,,,1,,,,3,,,,,,,,,4,,,,,,,,,,4,,,,,,,,,,5,,,,,,,,,,,,,,5,,,,,,,,,,,,,,,,,5,,,,,,5,,,,,,,,,7,82,9,2,6,5,1,
3/30/23 14:37,3/30/23 14:44,100,429,R_1mephtmfwC7VZRu,1,2,31,they,nonbinary,4,1,2,,,,,,,,,,,,,,,,,,,,,,,,,,,,,,,,,,,,,,,,,,,,,,,,,,,,,,,,,,,,,,,,,,,,,,,,,,,,,,,,,2,,,,,1,,,,,,,,,1,,,,4,,,,,,1,,,,,,,,5,,,,,,,,,,,,,,,,,,,5,,,4,,,,,,,,,,,,,,,,,4,,,,,,,,3,,,,,,,,,,,,4,50,50,1,4,4,1,Thank you
3/30/23 14:42,3/30/23 14:44,100,166,R_1IXfqWVcEIlcrHr,1,2,34,Male,male,2,1,1,,,2,,,2,,,,,,,2,,,1,,,,,,,2,,,,3,,,,,,,,,,,,,,3,,,,,,,,4,,,,,,,,,4,,,,,,,,,,,,,,,3,,,,,,,,,,,,,,,,,,,,,,,,,,,,,,,,,,,,,,,,,,,,,,,,,,,,,,,,,,,,,,,,,,,,,,,,,,,,,,,,,,,,,,,,,,,,,,,,,,,3,10,70,4,4,3,1,
3/30/23 14:42,3/30/23 14:45,100,195,R_1obTZTyrRVLWlbL,1,2,33,male,male,3,2,1,2,,,,,,2,,,,2,,,,,,,2,,,,2,,,,,,,,3,,,,,,,,,,,,,4,,,,,,,,,,,,,,4,,,,3,,,,,,,,,,,,,,,4,,,,,,,,,,,,,,,,,,,,,,,,,,,,,,,,,,,,,,,,,,,,,,,,,,,,,,,,,,,,,,,,,,,,,,,,,,,,,,,,,,,,,,,,,,,,,,,,4,0,2,1,5,6,1,
3/30/23 14:39,3/30/23 14:45,100,335,R_31GXa8tMW5x76Pm,1,2,23,Male,male,3,2,1,1,,,,,2,,,,,2,,,,,,,2,,,,,,,1,,,,,,5,,,,,,,,,,,5,,,,,5,,,,,,,,,,,,,,,,,,,5,,,,5,,,,,,,,,,,,,,,,,,,,,,,,,,,,,,,,,,,,,,,,,,,,,,,,,,,,,,,,,,,,,,,,,,,,,,,,,,,,,,,,,,,,,,,,,,,,,,,,,,,,,,4,50,50,2,3,6,1,
3/30/23 14:41,3/30/23 14:45,100,220,R_2UayK1RcK5ZnFRN,1,2,20,trans man,male,5,1,1,,,,,,,,,,,,,,,,,,,,,,,,,,,,,,,,,,,,,,,,,,,,,,,,,,,,,,,,,,,,,,,,,,,,,,,,,,,,,,,,,,3,,,,,,,2,,,,,,3,,,,,3,3,,,,,,,,,,5,,,,,,,,,,,,,2,,,,,,,,,,,,,,,,4,,,,,,,,,,,,,,,,,,5,,,,,,,,,,,,,5,5,60,30,2,6,5,1,
3/30/23 14:39,3/30/23 14:45,100,386,R_2Cq6NaClK3ck2aA,1,2,69,male,male,6,2,1,,,,,,,,,,,,,,,,,,,,,,,,,,,,,,,,,,,,,,,,,,,,,,,,,,,,,,,,,,,,,,,,,,,,,,,,,,,,,,,,,,,,3,2,,,,,,3,,,,,,4,,,,,,,2,,,,,,,,,,,,,,,5,,,,,,,,,5,,,,,,,5,,,,,,,,,,,,,,,,5,,,,,,,,,,,5,,,,,,,,,,6,100,1,4,7,1,1,
3/30/23 14:41,3/30/23 14:45,100,244,R_2uBq3Ouvdhyj3sP,1,2,48,female,female,5,1,1,,,,,,,,,,,,,,,,,,,,,,,,,,,,,,,,,,,,,,,,,,,,,,,,,,,,,,,,,,,,,,,,,,,,,,,,,,,,,,,,,,1,,,,3,,,,,3,,,,,,,,2,,,3,,,,,,,,,,,,5,,,,,,,,,,,,,,4,,,,,5,,,,,,,,,,,,,5,,,,,,,,,,,,,,,,,,,,,4,,,,,6,84,16,2,7,4,1,
3/30/23 14:39,3/30/23 14:45,100,417,R_1oef4AdWxa19Nce,1,2,51,Male,male,6,2,1,,,,,,,,,,,,,,,,,,,,,,,,,,,,,,,,,,,,,,,,,,,,,,,,,,,,,,,,,,,,,,,,,,,,,,,,,,,,,,,,3,,,,,,,,,1,,,,1,,,,,,,1,,,,5,,,,,,,,,5,,,,,,,,,,,,,,,,,,5,,,,,,,,,,,,,,5,,,,,,,,,,,,,5,,,,,,,,,,5,,,,7,100,0,4,6,1,1,
3/30/23 14:41,3/30/23 14:46,100,285,R_3flzEtviohA68rW,1,2,50,Male,male,3,1,1,,,,,1,,,,1,,,1,,,,,1,,,,,1,,,,,,,,,,,,,,5,,,,5,,,,,,,,,,,,,,4,,,,,,,,,,5,,,,,5,,,,,,,,,,,,,,,,,,,,,,,,,,,,,,,,,,,,,,,,,,,,,,,,,,,,,,,,,,,,,,,,,,,,,,,,,,,,,,,,,,,,,,,,,,,,,,,,,,,,,,,4,20,80,4,7,4,1,
3/30/23 14:41,3/30/23 14:46,100,279,R_3GjJr0eT9nTDl7O,1,2,25,Male,male,3,1,2,,,,,2,,3,,,,2,,,,,,,,,2,,,4,,,,,,,,,,,4,,,,5,,,,,,,,,,,,,,,5,,,,,,5,,,,,,,,,5,,,,,,,,,,,,,,,,,,,,,,,,,,,,,,,,,,,,,,,,,,,,,,,,,,,,,,,,,,,,,,,,,,,,,,,,,,,,,,,,,,,,,,,,,,,,,,,,,,,,,,,,5,70,20,5,1,5,1,
3/30/23 14:41,3/30/23 14:46,100,309,R_3D0H9sxez5JxDxx,1,2,33,female,female,5,2,1,,,,,,,,,,,,,,,,,,,,,,,,,,,,,,,,,,,,,,,,,,,,,,,,,,,,,,,,,,,,,,,,,,,,,,,,,,,,,,,,1,,,,,,,4,,,,,,,2,,1,,,,,,1,,,,,,,,,,,,,5,,,,,,,,,,,,,,3,,,,,,,,,,,,,,5,,,,,5,,,,,,,,,,,,,,,,,,5,,,,,,6,75,0,2,6,4,1,
3/30/23 14:40,3/30/23 14:47,100,384,R_2wcSyzB2rtSFjhp,1,2,68,male,male,4,2,1,,,,,,,,,,,,,,,,,,,,,,,,,,,,,,,,,,,,,,,,,,,,,,,,,,,,,,,,,,,,,,,,,,,,,,,,,,,,,,,2,,,,,,,,,1,,,,1,,,,,,1,,,,,1,,,,,,,,,,4,,,,,,,,,,,,,,5,,,,,,,5,,,,,,,,,,,,,,,,,,,,,5,,,,,,5,,,,,,,,,,,5,50,30,2,1,7,1,Tired of Congress not getting anything done. They need to work together.
3/30/23 14:43,3/30/23 14:47,100,187,R_24MZMDDzxVVD7LJ,1,2,32,MALE,male,5,1,2,,,,,,,,,,,,,,,,,,,,,,,,,,,,,,,,,,,,,,,,,,,,,,,,,,,,,,,,,,,,,,,,,,,,,,,,,,,,,,,,,2,,,,,2,,,,,1,,,,,,,,,1,,1,,,,,,,,,,,5,,,,,,,,,5,,,,,,,,,,,,,,,,5,,,,,,,,,,,,,5,,,,,,,,,5,,,,,,,,,,,,6,61,23,2,6,5,1,
3/30/23 14:41,3/30/23 14:47,100,326,R_2s6hOoi6AZ4LQgd,1,2,29,male,male,4,1,1,,,,,,,,,,,,,,,,,,,,,,,,,,,,,,,,,,,,,,,,,,,,,,,,,,,,,,,,,,,,,,,,,,,,,,,,,,,,,,,,,,,,3,3,,,,,,3,,,,,,3,,,,,,3,,,,,5,,,,,,,,,,,,,,,,,,,,5,,,,,,,,,,,,,,,,5,,,,,,,,5,,,,,,,,,,,,,,,,,5,,,4,0,0,2,2,6,1,
3/30/23 14:40,3/30/23 14:47,100,418,R_By0PH6c6cUiCTYJ,1,2,72,Male,male,1,1,2,,,,2,,,,1,,,,1,,,,,,,2,,,,,1,,5,,,,,,,,,,,,,5,,,,,,,,,,,,5,,,,,,,,,,,,,,5,,,,,,,,,,5,,,,,,,,,,,,,,,,,,,,,,,,,,,,,,,,,,,,,,,,,,,,,,,,,,,,,,,,,,,,,,,,,,,,,,,,,,,,,,,,,,,,,,,,,,,,,,,,,1,0,100,2,5,3,1,
3/30/23 14:44,3/30/23 14:47,100,181,R_2fpufU3QRUcYhet,1,2,42,female,female,5,1,1,,,,,,,,,,,,,,,,,,,,,,,,,,,,,,,,,,,,,,,,,,,,,,,,,,,,,,,,,,,,,,,,,,,,,,,,,,,,,,,,,,,2,,,4,,,,,,,,2,,,4,,,,4,,,,,,,,,4,,,,,,,,,,,,4,,,,,,,,,,,,,,,,,,,,,4,,,,,,,,,,,,,4,,,,,4,,,,,,,,,,,5,54,26,2,4,5,1,
3/30/23 14:41,3/30/23 14:47,100,335,R_1Q0LhVh7Dxkd7mO,1,2,42,male,male,4,1,2,,,,,,,,,,,,,,,,,,,,,,,,,,,,,,,,,,,,,,,,,,,,,,,,,,,,,,,,,,,,,,,,,,,,,,,,,,,,,,,,,,,2,,,,,2,,,,,,,2,,,2,,,,,3,,,,,,,,,,,,,,,,5,,,,,,,,,,3,,,,,,,,,5,,,,,,,,,,,,,,,5,,,,,,,,,,,,5,,,,,,,4,40,5,2,4,3,1,
3/30/23 14:38,3/30/23 14:47,100,565,R_1dhKspcRfmwbSIZ,1,2,47,Female,female,6,1,2,,,,,,,,,,,,,,,,,,,,,,,,,,,,,,,,,,,,,,,,,,,,,,,,,,,,,,,,,,,,,,,,,,,,,,,,,,,,,,,2,,,,,,,,3,,,,1,,,,,,,1,,,2,,,,,,5,,,,,,,,,,,,,,,,,4,,,,,,,,,,,,,,,,,,,,5,,,5,,,,,,,,,,,,,,,,,,,,,,,,5,7,100,0,1,7,5,1,
3/30/23 14:41,3/30/23 14:47,100,391,R_2X4cQQ0XGFxVoZ2,1,2,34,Male,male,5,2,1,,,,,,,,,,,,,,,,,,,,,,,,,,,,,,,,,,,,,,,,,,,,,,,,,,,,,,,,,,,,,,,,,,,,,,,,,,,,,,,,2,,,,,,,,1,,,2,,,,,,,,1,,,2,,,,,,,,,,,,,,,5,,,,,,,,5,,,,,,,,,,,,5,,,,,,,,,,,,,,,,,,,,5,,5,,,,,,,,,,,,,6,70,30,3,3,3,1,
3/30/23 14:40,3/30/23 14:47,100,402,R_Y3VEhmZjuU3m08h,1,2,56,Man,male,1,1,1,,1,,,,,,1,,,,,,,1,,1,,,,1,,,,,,,,,,,5,,,,,,,,,,,,5,,,,,,,,,,,5,,,,,,,,5,,,,,,,,,5,,,,,,,,,,,,,,,,,,,,,,,,,,,,,,,,,,,,,,,,,,,,,,,,,,,,,,,,,,,,,,,,,,,,,,,,,,,,,,,,,,,,,,,,,,,,,,,,,,,,1,0,60,3,7,3,1,
3/30/23 14:40,3/30/23 14:47,100,420,R_12yyxIFuAhsm26d,1,2,69,female,female,6,1,1,,,,,,,,,,,,,,,,,,,,,,,,,,,,,,,,,,,,,,,,,,,,,,,,,,,,,,,,,,,,,,,,,,,,,,,,,,,,,,,,,,,1,,,2,,,,,1,,,,,,,,,2,,,3,,,,,,,,,,,,,,5,,,,,,,,,,5,,,,,,,,,,,,5,,,,,,,,,,5,,,,,,,,,,,,,,,,,,,,,5,,7,83,17,2,6,5,1,
3/30/23 14:42,3/30/23 14:47,100,319,R_sdnbIZD57HZAnPX,1,2,85,Male,male,4,1,1,,,,,,,,,,,,,,,,,,,,,,,,,,,,,,,,,,,,,,,,,,,,,,,,,,,,,,,,,,,,,,,,,,,,,,,,,,,,,,,,,4,,,,,,,3,,,,,,4,,,,,3,,,3,,,,,,,,,,,,,5,,,,,,,,,,5,,,,,,,,,,,4,,,,,,,,,,,,,,5,,,,,,,,,,5,,,,,,,,,,,,4,50,33,2,6,6,1,
3/30/23 14:43,3/30/23 14:48,100,289,R_3hyU8yU5yXEaAvj,1,2,36,male,male,6,1,1,,,,,,,,,,,,,,,,,,,,,,,,,,,,,,,,,,,,,,,,,,,,,,,,,,,,,,,,,,,,,,,,,,,,,,,,,,,,,,,,1,,,,,,,,,2,,,,1,,,,,1,,,,,,,1,,,,,,,,,,,5,,,,,5,,,,,,,,,,,,,,,,5,,,,,,,,,,,,,,,,,5,,,,,,,,,,,5,,,,,,,7,80,50,5,5,5,1,
3/30/23 14:45,3/30/23 14:48,100,140,R_1pDME4AelMa1dhK,1,2,27,male,male,6,1,1,,,,,,,,,,,,,,,,,,,,,,,,,,,,,,,,,,,,,,,,,,,,,,,,,,,,,,,,,,,,,,,,,,,,,,,,,,,,,,,,,2,,,,2,,,,,,,,,,2,1,,,,,,,,2,,,,5,,,,,,,,,,,,,,,,,,,,,,,,5,,,,,,,,,5,,,,,,,,,,4,,,,,,,,,,,,,,,,,,,,4,7,75,41,5,5,7,1,
3/30/23 14:43,3/30/23 14:48,100,304,R_OHUNlfOsm4j7kpH,1,2,29,Female,female,5,1,1,,,,,,,,,,,,,,,,,,,,,,,,,,,,,,,,,,,,,,,,,,,,,,,,,,,,,,,,,,,,,,,,,,,,,,,,,,,,,,,,,,,,5,,,,,1,,,,3,,,,1,,,,,,,,1,,,,,,5,,,,,,,,,,,,,,,,,,,5,,,,,,,,,,,,5,,,,,,,3,,,,,,,,,,,,,,,,,,,,,,5,6,91,60,1,1,6,1,
3/30/23 14:45,3/30/23 14:48,100,196,R_1LwIwKFabchUwPw,1,2,29,Male,male,4,1,1,,,,,,,,,,,,,,,,,,,,,,,,,,,,,,,,,,,,,,,,,,,,,,,,,,,,,,,,,,,,,,,,,,,,,,,,,,,,,,,,,,1,,,,,,,1,1,,,,,,,1,,,,1,,,,,,,,5,,,,,,,,,,,,,,,5,,,,,,,,,,,,5,,,,,,,,,,,,,,,,,,,,,5,,,,,,,5,,,,,,,,4,46,47,7,4,7,1,
3/30/23 14:41,3/30/23 14:48,100,427,R_1Kydb7bn14ughuw,1,2,64,female,female,6,1,1,,,,,,,,,,,,,,,,,,,,,,,,,,,,,,,,,,,,,,,,,,,,,,,,,,,,,,,,,,,,,,,,,,,,,,,,,,,,,,,,,4,,,,,,,3,,3,,,,,,3,,,,,,,,3,,,5,,,,,,,,,,,,,,,,5,,,,,,,,,,,5,,,,,,,,,,,,,,,,,5,,,,,,,,,,,,,,,,,,5,,,7,100,1,2,6,6,1,
3/30/23 14:41,3/30/23 14:48,100,443,R_3PXAzG3WpzeOGx6,1,2,31,Male,male,5,1,1,,,,,,,,,,,,,,,,,,,,,,,,,,,,,,,,,,,,,,,,,,,,,,,,,,,,,,,,,,,,,,,,,,,,,,,,,,,,,,,,,,3,,,,,4,,,,,,,,3,,,3,,,,,,3,,,,,,,,,,,,,4,,,3,,,,,,,,,,,,,4,,,,,,,,,,,,,,,,,,,,,,4,,,,,,,,,,3,,,,,,,2,76,74,2,2,6,1,
3/30/23 14:43,3/30/23 14:49,100,337,R_2UbjHrQG7ezO8eQ,1,2,30,male,male,5,2,1,,,,,,,,,,,,,,,,,,,,,,,,,,,,,,,,,,,,,,,,,,,,,,,,,,,,,,,,,,,,,,,,,,,,,,,,,,,,,,,,,,1,,,1,,,,,,,,1,,,,,1,,,,,,1,,,,,5,,,,,,,,,,,,,,,,,,,,3,,,,,,,,,,,,,,,,5,,,,,,,,,4,,,,,,,,,,,,,5,,,,,4,100,38,1,7,7,1,
3/30/23 14:45,3/30/23 14:49,100,199,R_Xw7ZdS3TL4Hxgwp,1,2,47,Female,female,6,1,1,,,,,,,,,,,,,,,,,,,,,,,,,,,,,,,,,,,,,,,,,,,,,,,,,,,,,,,,,,,,,,,,,,,,,,,,,,,,,,,,,,,1,,,,2,,,,,,3,,,,,,,1,,,,,2,,,,,,,,,5,,,,,,,,,,,,,,5,,,,,,,,,,,5,,,,,,,,,,,,,,,,,5,,,,,,,,5,,,,,,,,6,69,4,1,7,6,1,
3/30/23 14:44,3/30/23 14:49,100,257,R_2CWfUbL6rI9yhBc,1,2,18,Male,male,6,1,2,,,,,,,,,,,,,,,,,,,,,,,,,,,,,,,,,,,,,,,,,,,,,,,,,,,,,,,,,,,,,,,,,,,,,,,,,,,,,,,,1,,,,,,2,,,,2,,,,,,1,,,,,,,,1,,,,,,,,,,,5,,,,,5,,,,,,,,,,,,,,,,,,,,5,,,,,,,,,,,,,,,,,,5,,,,,,,,,,,3,,,7,80,20,3,6,3,1,
3/30/23 14:41,3/30/23 14:49,100,474,R_1dy8OD6zFKZFuCc,1,2,18,Male,male,4,1,1,,,,,,,,,,,,,,,,,,,,,,,,,,,,,,,,,,,,,,,,,,,,,,,,,,,,,,,,,,,,,,,,,,,,,,,,,,,,,,,,,,,,3,,,2,,,,,,,1,,,,,,1,,,,,,1,,,,4,,,,,,,,,,,,,,,,5,,,,,,,,,,,,,5,,,,,,,,,,,5,,,,,,,,,,,5,,,,,,,,,,,6,70,30,4,4,5,1,
3/30/23 14:46,3/30/23 14:49,100,212,R_31Z5fi39HLF01og,1,2,32,Male,male,5,2,1,,,,,,,,,,,,,,,,,,,,,,,,,,,,,,,,,,,,,,,,,,,,,,,,,,,,,,,,,,,,,,,,,,,,,,,,,,,,,,,,,,,,3,,,2,,,,,,,,4,,2,,,,,,,,,4,,,,4,,,,,,,,,,,,,,,,,,,,,,4,,,,,,,,,,,,,2,,,,,,,,2,,,,,,,4,,,,,,,,,,,,6,81,30,5,6,4,1,
3/30/23 14:43,3/30/23 14:49,100,346,R_2tnuUn94vGpn0La,1,2,39,male,male,3,1,1,,,3,,,3,,,,,,,,3,,,,,,3,,3,,,,,,,,,,,,,3,,,,,,,,,4,,,,4,,,,,,,,,,,,4,,,,,,,,,,,,,,4,,,,,,,,,,,,,,,,,,,,,,,,,,,,,,,,,,,,,,,,,,,,,,,,,,,,,,,,,,,,,,,,,,,,,,,,,,,,,,,,,,,,,,,,,,,,,,,,,,4,0,0,1,1,1,1,"It was bipartisan support the brought us the war in Iraq. 20 years in Afghanistan. Funded a proxy war with a nuclear power (and laundering money through Ukraine). It was bipartisan support that gave us the Patriot Act. Its sister bill on steroids, the RESTRICT Act, has bipartisan support. It was bipartisan support that just facilitated the biggest transfer of wealth in human history from the working class to the wealthy, all to ""protect"" us from an endemic flu and stop the weather from changing. I don't care about the empty words and low brow political theater coming from the disgustingly corrupt morons on either ""side"" of the uniparty."
3/30/23 14:44,3/30/23 14:49,100,311,R_3VFyWRwVTuhUK89,1,2,37,Male,male,4,1,1,,,,,,,,,,,,,,,,,,,,,,,,,,,,,,,,,,,,,,,,,,,,,,,,,,,,,,,,,,,,,,,,,,,,,,,,,,,,,,,,,,1,,,,,,1,,,,,,1,,1,,,,,,2,,,,,,,,,,,,,,4,,,,4,,,,,,,,,,,,,,,,,,,,,,,,5,,,,,,,,5,,,,,,,,,,,,,,,4,,,,,6,61,50,3,3,5,1,N/A
3/30/23 14:47,3/30/23 14:49,100,153,R_2EGgK52sfiKxJEg,1,2,23,Male,male,4,1,1,,,,,,,,,,,,,,,,,,,,,,,,,,,,,,,,,,,,,,,,,,,,,,,,,,,,,,,,,,,,,,,,,,,,,,,,,,,,,,,2,,,,,,,,,,1,,,,2,,,,1,,,,,,,,,3,,,,,,,,,,,,4,,,,,,,,,,,,,,4,,,3,,,,,,,,,,,,,5,,,,,,,,,,,,,,2,,,,,,,,,,7,20,0,3,5,4,1,
3/30/23 14:34,3/30/23 14:49,100,925,R_3oBkNJGGtCTepU5,1,2,25,Male,male,3,1,1,,,,2,,,,,,1,,2,,,,,2,,,,,,,,2,,,4,,,,,,,,,,,,5,,,,,,,,,,5,,,,,,,,,,,,,,5,,,,,,,,,,,,,5,,,,,,,,,,,,,,,,,,,,,,,,,,,,,,,,,,,,,,,,,,,,,,,,,,,,,,,,,,,,,,,,,,,,,,,,,,,,,,,,,,,,,,,,,,,,,,,3,15,20,2,4,7,1,
3/30/23 14:40,3/30/23 14:49,100,579,R_3rHd9FRIscmCCGm,1,2,35,female,female,6,1,1,,,,,,,,,,,,,,,,,,,,,,,,,,,,,,,,,,,,,,,,,,,,,,,,,,,,,,,,,,,,,,,,,,,,,,,,,,,,,,,2,,,,,,,2,,,,,,3,,,,,,,2,,,,,2,,,,4,,,,,,,,,,,,,,,,,,,4,,,,,,,,,,5,,,,,,,,,,,,,,,,5,,,,,,,,,,,,,,,,,5,,6,75,10,2,5,3,1,
3/30/23 14:46,3/30/23 14:50,100,221,R_3oRX9g9nFM9TA1I,1,2,35,Male,male,4,1,1,,,,,,,,,,,,,,,,,,,,,,,,,,,,,,,,,,,,,,,,,,,,,,,,,,,,,,,,,,,,,,,,,,,,,,,,,,,,,,,,,,,1,,,,,2,,,,,1,,,,,,2,,,,,,,2,5,,,,,,,,,,,,,,,,,,,5,,,,,,,,,,,,,,,,5,,,,5,,,,,,,,,,,,,,,,,,,5,,,,,,,5,60,50,2,5,4,1,
3/30/23 14:40,3/30/23 14:50,100,614,R_2Xih4VWWYydWmam,1,2,33,Female,female,4,2,1,,,,,,,,,,,,,,,,,,,,,,,,,,,,,,,,,,,,,,,,,,,,,,,,,,,,,,,,,,,,,,,,,,,,,,,,,,,,,,,,,,,5,,1,,,,,,,,1,,,,,,,1,,,,,1,,,,,,,,,5,,,,,,,,,,,,5,,,,,,,,,,,,,,,,,4,,,,,,,,,,,,5,,,,,,,,5,,,,,,,,,4,0,0,4,4,4,1,
3/30/23 14:46,3/30/23 14:50,100,271,R_1MNbVueFiRc6YPu,1,2,24,Male,male,4,1,1,,,,,,,,,,,,,,,,,,,,,,,,,,,,,,,,,,,,,,,,,,,,,,,,,,,,,,,,,,,,,,,,,,,,,,,,,,,,,,,1,,,,,,,3,,,,,3,,,,,,3,,,,,,,2,,,,,,3,,,,,,,,,,,,,,,,,,,,4,,,,,,,,3,,,,,,,,,,,,,,5,,,,,,,,,,,,,,,,,3,,,4,80,20,4,5,4,1,
3/30/23 14:44,3/30/23 14:51,100,367,R_2BxMmntyO0NZv5M,1,2,37,male,male,3,1,1,1,,,,,,,,,2,,,,2,,2,,,,,,,,,4,,,4,,,,,,,,,,,,,,,,,4,,,,,,,5,,,,,,4,,,,,,,,,,,,,,,,,,,4,,,,,,,,,,,,,,,,,,,,,,,,,,,,,,,,,,,,,,,,,,,,,,,,,,,,,,,,,,,,,,,,,,,,,,,,,,,,,,,,,,,,,,,,,,,,,,,2,11,51,4,6,4,1,thanks
3/30/23 14:48,3/30/23 14:51,100,177,R_2Bu2PrudShcrw2g,1,2,48,female,female,4,2,1,,,,,,,,,,,,,,,,,,,,,,,,,,,,,,,,,,,,,,,,,,,,,,,,,,,,,,,,,,,,,,,,,,,,,,,,,,,,,,,,,,,1,,,4,,,,,,,,,1,1,,,,,,,,2,,,,,,,,,,,,5,,,,,,,,,,,,,,5,,,,,,,,,,,,,,5,,,5,,,,,,,,,,,,,,,,,,,,5,,,,,5,60,40,4,3,5,1,I hope the study goes well :)
3/30/23 14:47,3/30/23 14:51,100,220,R_UZ3KMCTE5da8J3j,1,2,37,female,female,5,1,1,,,,,,,,,,,,,,,,,,,,,,,,,,,,,,,,,,,,,,,,,,,,,,,,,,,,,,,,,,,,,,,,,,,,,,,,,,,,,,,,,,,,3,,,,,1,,3,,,,,3,,,,,,2,,,,,,,,,,,,,,,5,,,,,5,,,,,,,,,,,,,5,,,,,,,,,,,,,,,,5,,,,,,,,,,,,,,4,,,,,,,6,80,0,1,6,5,1,
3/30/23 14:46,3/30/23 14:51,100,278,R_10NMeU6AvqCNzOe,1,2,34,Female,female,5,2,1,,,,,,,,,,,,,,,,,,,,,,,,,,,,,,,,,,,,,,,,,,,,,,,,,,,,,,,,,,,,,,,,,,,,,,,,,,,,,,,,,,,1,,1,,,,,,,,,1,,,,2,,,,,1,,,,,,,,,,5,,,,,,,,,,,,5,,,,,,,,,5,,,,,,,,,,,,,,,,3,,,,,,,,,,,,3,,,,,,,,,,6,92,11,1,4,5,1,
3/30/23 14:45,3/30/23 14:51,100,370,R_PFBgkcEskz3tn57,1,2,37,female,female,5,2,1,,,,,,,,,,,,,,,,,,,,,,,,,,,,,,,,,,,,,,,,,,,,,,,,,,,,,,,,,,,,,,,,,,,,,,,,,,,,,,,1,,,,,,,,,1,,,,,1,,,,,,1,,,,,1,,,,,,,,,,,,,5,,,,,,,,,,,,,,5,,5,,,,,,,,,,,,,,,5,,,,,,,,,,,,,5,,,,,,,,,,,6,78,27,2,5,5,1,no additional comments
3/30/23 14:48,3/30/23 14:51,100,189,R_PLEveL2cxqG1uil,1,2,54,male,male,6,1,1,,,,,,,,,,,,,,,,,,,,,,,,,,,,,,,,,,,,,,,,,,,,,,,,,,,,,,,,,,,,,,,,,,,,,,,,,,,,,,,,2,,,,,,,,,2,,2,,,,,,3,,,,,,,,,5,,,,,,,,,,,,,5,,,,,5,,,,,,,,,,,,,,,,,5,,,,,,,,,,,,,,,,,5,,,,,,,,,5,,,,,6,81,9,2,7,2,1,5ebf02a6ccab6611d611cda5
3/30/23 14:45,3/30/23 14:51,100,380,R_bCbfad9L55tiJyN,1,2,43,female,female,4,1,2,,,,,,,,,,,,,,,,,,,,,,,,,,,,,,,,,,,,,,,,,,,,,,,,,,,,,,,,,,,,,,,,,,,,,,,,,,,,,,,,,,2,,,,,,1,,2,,,,,,,,,,2,,,,,2,,,,,,,,,5,,,,,,,,,,,4,,,,,,,,,5,,,,,,,,,,,,5,,,,,,,,,,,,,,,,,,5,,,,,,,,5,45,15,1,1,6,1,I have no other comments.
3/30/23 14:43,3/30/23 14:51,100,507,R_3oN6sDa02Rjp1pn,1,2,66,Male,male,6,1,2,,,,,,,,,,,,,,,,,,,,,,,,,,,,,,,,,,,,,,,,,,,,,,,,,,,,,,,,,,,,,,,,,,,,,,,,,,,,,,,,2,,,,,2,,,,,,,,,1,,,,2,,,,,,,,1,,,,,5,,,,,,,,,,5,,,,,,,,,,,,,,,,,,,5,,,,,,,5,,,,,,,,,,,,,,5,,,,,,,,,,,6,80,0,2,4,3,1,
3/30/23 14:46,3/30/23 14:51,100,317,R_1XQhYNnInywHvfX,1,2,41,Male,male,6,2,2,,,,,,,,,,,,,,,,,,,,,,,,,,,,,,,,,,,,,,,,,,,,,,,,,,,,,,,,,,,,,,,,,,,,,,,,,,,,,,,,,1,,,,,2,,,,,,,,1,,,,,,1,,,,,,2,,,,,,4,,,,,,,,,,,,5,,,,,,,,,,,,,5,,,,,,,,,,,,3,,,,,,,,,,,,,,,,,,,,,5,,7,84,10,2,6,3,1,
3/30/23 14:45,3/30/23 14:51,100,372,R_1dfONuZiOeL2Lu3,1,2,28,Male,male,4,1,1,,,,,,,,,,,,,,,,,,,,,,,,,,,,,,,,,,,,,,,,,,,,,,,,,,,,,,,,,,,,,,,,,,,,,,,,,,,,,,,,,,3,,,,3,,,,,,,,3,,,,,3,,,,,,,3,,,,,,,,,,,,,3,4,,,,,,,,,,,,,,,,,,5,,,,,,,,,,,,,,,4,,,,,,,,,,,,,,,5,,,,5,76,39,6,4,4,1,
3/30/23 14:48,3/30/23 14:51,100,201,R_3n8aK2v0bfeUKIy,1,2,40,woman,female,6,1,2,,,,,,,,,,,,,,,,,,,,,,,,,,,,,,,,,,,,,,,,,,,,,,,,,,,,,,,,,,,,,,,,,,,,,,,,,,,,,,,,2,,,,,2,,,,,,,,,,1,3,,,,,,,1,,,,,,,,,,,5,,,,,,,,,,,,,,,,5,,,,,,,,,,5,,,,,,5,,,,,,,,,,,,,,,,,5,,,,,,,,,7,25,0,2,5,1,1,
3/30/23 14:42,3/30/23 14:51,100,547,R_1NlaM0eNxJDDv60,1,2,57,male,male,4,1,1,,,,,,,,,,,,,,,,,,,,,,,,,,,,,,,,,,,,,,,,,,,,,,,,,,,,,,,,,,,,,,,,,,,,,,,,,,,,,,,,,,,1,,1,,,,,,,,1,,,,,,,1,,1,,,,,,,,,,,,,5,,,,,,,,,,,,,,,,5,,5,,,,,,,,,,,,,,,,5,,,,,,,,,,5,,,,,,,,,,,,,4,85,75,7,6,7,1,
3/30/23 14:46,3/30/23 14:51,100,332,R_D6L6e6ttE9E9mzn,1,2,67,male,male,6,2,1,,,,,,,,,,,,,,,,,,,,,,,,,,,,,,,,,,,,,,,,,,,,,,,,,,,,,,,,,,,,,,,,,,,,,,,,,,,,,,,,,4,,,,,,,3,,,,,,,3,1,,,,,,,,,3,,,,5,,,,,,,,,,,,,,,,,5,,,,,,,,,,,,5,,,,,,,,,,,,,,,,5,,,,,,5,,,,,,,,,,,,6,70,2,3,6,5,1,
3/30/23 14:45,3/30/23 14:51,100,371,R_1Qn4GQSkH2UnMaT,1,2,36,female,female,5,2,1,,,,,,,,,,,,,,,,,,,,,,,,,,,,,,,,,,,,,,,,,,,,,,,,,,,,,,,,,,,,,,,,,,,,,,,,,,,,,,,,,2,,,,,1,,,,,1,,,,,,,,,1,,,,2,,,5,,,,,,,,,,,,,,,,,,5,,,,,,,,,,,,,,,,,,,5,,,,,,5,,,,,,,,,,,,,,,,,,,,5,,6,64,1,2,6,2,1,
3/30/23 14:43,3/30/23 14:52,100,494,R_2OUX7PbyHL6fKwx,1,2,56,Male,male,6,2,1,,,,,,,,,,,,,,,,,,,,,,,,,,,,,,,,,,,,,,,,,,,,,,,,,,,,,,,,,,,,,,,,,,,,,,,,,,,,,,,,,,,,3,,,,,3,,,,,3,,1,,,,,3,,,,,,,,,,,,,,,,,5,,,,,5,,,,,,,,,,,,5,,,,,,,,,,,,,,,,,,,4,,,,,,,,5,,,,,,,,,,5,95,5,2,7,5,1,
3/30/23 14:44,3/30/23 14:52,100,437,R_2duMRrHkOu3CjRj,1,2,35,acearo,,4,1,1,,,,,,,,,,,,,,,,,,,,,,,,,,,,,,,,,,,,,,,,,,,,,,,,,,,,,,,,,,,,,,,,,,,,,,,,,,,,,,,,2,,,,,,3,,,,,,,,,3,,,2,,,,,,,,2,,,,,,5,,,,,,,,,,,,,,,4,,,,,,,,,,,,,,,4,,,,,,,,,,,,,,,4,,4,,,,,,,,,,,,,4,35,13,2,4,4,1,Thanks
3/30/23 14:47,3/30/23 14:52,100,259,R_pbCpeTxIQKXT693,1,2,49,male,male,4,1,2,,,,,,,,,,,,,,,,,,,,,,,,,,,,,,,,,,,,,,,,,,,,,,,,,,,,,,,,,,,,,,,,,,,,,,,,,,,,,,,,,,1,,,2,,,,,,,,,1,,3,,,,,,,,,1,,,,,,,,,,,,5,,,,,5,,,,,,,,,,,,,,,,,,,,,,5,,,,,,5,,,,,,,,,5,,,,,,,,,,,,,5,55,40,1,4,3,1,I hope my information was helpful thanks and have a great day
3/30/23 14:42,3/30/23 14:52,100,610,R_1eFwIVNdka14mQU,1,2,59,female,female,5,2,1,,,,,,,,,,,,,,,,,,,,,,,,,,,,,,,,,,,,,,,,,,,,,,,,,,,,,,,,,,,,,,,,,,,,,,,,,,,,,,,,1,,,,,,,1,,,,,,,1,,,,,1,,,,1,,,,,,,,,2,,,,,,,,,,,,4,,,,,,,,,,,,,,,,,,,,,3,,,,,,,,,,,5,,,,,,,1,,,,,,,,,6,85,40,1,6,6,1,
3/30/23 14:45,3/30/23 14:52,100,430,R_2DYQPXtMIFigU1S,1,2,49,Male,male,5,1,2,,,,,,,,,,,,,,,,,,,,,,,,,,,,,,,,,,,,,,,,,,,,,,,,,,,,,,,,,,,,,,,,,,,,,,,,,,,,,,,1,,,,,,2,,,,,,2,,,,,1,,,,,,,2,,,,,5,,,,,,,,,,,,,,,4,,,,,,,,,,,,,2,,,,,,,,,,,,,,,,,,,,4,,,,,,,,4,,,,,,,,6,72,52,4,5,6,1,
3/30/23 14:44,3/30/23 14:52,100,446,R_3efMSCJ9h9c3tcn,1,2,34,female,female,4,1,2,,,,,,,,,,,,,,,,,,,,,,,,,,,,,,,,,,,,,,,,,,,,,,,,,,,,,,,,,,,,,,,,,,,,,,,,,,,,,,,,,,,,4,,,,,3,,,,,,3,1,,,,,3,,,,,,,,,,4,,,,,,,,,,,,,,,,5,,,,,,,,,2,,,,,,,,,,,,,,,,,,5,,,,,,,,,,,,,,1,,,,5,72,60,3,5,6,1,
3/30/23 14:48,3/30/23 14:52,100,250,R_3CNjfh09BqvxFzk,1,2,54,Male,male,6,1,1,,,,,,,,,,,,,,,,,,,,,,,,,,,,,,,,,,,,,,,,,,,,,,,,,,,,,,,,,,,,,,,,,,,,,,,,,,,,,,,,,,,1,,,,,1,,3,,,,,,,,1,,,,2,,,,,,,,,,,,5,,,,,,,,,,,,,,,4,,,,,,,,,,,,,5,,,,,,,,,,,,,,,5,,,,,,,,,,,,,5,,7,90,15,1,6,5,1,
3/30/23 14:45,3/30/23 14:52,100,398,R_ssXghJDRJrLccGR,1,2,46,Female,female,4,1,2,,,,,,,,,,,,,,,,,,,,,,,,,,,,,,,,,,,,,,,,,,,,,,,,,,,,,,,,,,,,,,,,,,,,,,,,,,,,,,,3,,,,,,,,,1,,,,,,1,,,,,1,,3,,,,,,,,,,,5,,,,,,,,,,,5,,,,,,,,,,,,,,,,,,,,5,,,,,,,,,,,,5,,,,,,,,,,,,,,5,,,4,60,30,4,4,6,1,Everything was fine
3/30/23 14:48,3/30/23 14:52,100,251,R_cAMDiCB6heskfzH,1,2,34,female,female,3,2,1,,3,,,,,,1,,,,,,,1,,,,1,,,,2,,,,,,,,,4,,,,,,,,,,5,,,,,,,,,,2,,,,,,,5,,,,,,,,,,,,5,,,,,,,,,,,,,,,,,,,,,,,,,,,,,,,,,,,,,,,,,,,,,,,,,,,,,,,,,,,,,,,,,,,,,,,,,,,,,,,,,,,,,,,,,,,,,,,,,,,,,3,100,100,3,3,7,1,
3/30/23 14:44,3/30/23 14:52,100,475,R_2fjn0dGnXpDSPiv,1,2,24,Female,female,6,1,1,,,,,,,,,,,,,,,,,,,,,,,,,,,,,,,,,,,,,,,,,,,,,,,,,,,,,,,,,,,,,,,,,,,,,,,,,,,,,,,,,,,1,,,,,,1,,,2,,,,,2,,,,,,4,,,,,,,,,,,,,,,5,,,,5,,,,,,,,,,,,,,,,,,,5,,,,,,,,,,,5,,,,,,,5,,,,,,,,,,,,,6,81,3,4,7,3,1,
3/30/23 14:46,3/30/23 14:52,100,410,R_1M6Uqgvflwxxkyl,1,2,33,Female,female,4,1,1,,,,,,,,,,,,,,,,,,,,,,,,,,,,,,,,,,,,,,,,,,,,,,,,,,,,,,,,,,,,,,,,,,,,,,,,,,,,,,,1,,,,,,,,1,,,,1,,,,,,,1,,,1,,,,,,,,,,,,5,,,,,,,,,,,,,,,5,,,,,,,,,,,,,,,,,5,,,,2,,,,,,,,,,,,,,,,,2,,,,,,4,50,50,2,4,4,1,Thank you!
3/30/23 14:50,3/30/23 14:53,100,125,R_2QyTGnMj9rFi7Dw,1,2,34,man,male,4,2,1,,,,,,,,,,,,,,,,,,,,,,,,,,,,,,,,,,,,,,,,,,,,,,,,,,,,,,,,,,,,,,,,,,,,,,,,,,,,,,,,3,,,,,,,4,,,,,,,,3,,2,,,,,,,,3,,,,,,,,,,,,4,,,,,,,,,,2,,,,,,,,,,,,,,,2,,,,,4,,,,,,,,,,,,,,,,,,,,4,,,,,5,62,60,5,4,6,1,
3/30/23 14:47,3/30/23 14:53,100,325,R_9RC1fnoisIbYxrz,1,2,31,male,male,5,1,1,,,,,,,,,,,,,,,,,,,,,,,,,,,,,,,,,,,,,,,,,,,,,,,,,,,,,,,,,,,,,,,,,,,,,,,,,,,,,,,,,,1,,,,,2,,,,,,,2,,2,,,,,,,1,,,,,,,,,,,,,,,,5,,,5,,,,,,,,,,,,,,,,,5,,,,,,,,,,,,,,,,5,,,,,5,,,,,,,,,,,,6,100,36,5,6,5,1,
3/30/23 14:44,3/30/23 14:53,100,539,R_1LebRRULXaxb09w,1,2,62,Male,male,4,1,2,,,,,,,,,,,,,,,,,,,,,,,,,,,,,,,,,,,,,,,,,,,,,,,,,,,,,,,,,,,,,,,,,,,,,,,,,,,,,,,,,,,,2,,,2,,,,,,,1,,,,,,1,,,,,1,,,,,,,,,,,5,,,,,,,,,5,,,,,,,,,5,,,,,,,,,,,,,,,,,,,,,,,5,,,,,,,,,,,5,,,,6,72,18,5,7,5,1,
3/30/23 14:48,3/30/23 14:53,100,283,R_3PNOV1dO6yYZDyu,1,2,28,male,male,4,1,2,,,,,,,,,,,,,,,,,,,,,,,,,,,,,,,,,,,,,,,,,,,,,,,,,,,,,,,,,,,,,,,,,,,,,,,,,,,,,,,,,,,,2,,,3,,,,,,,,2,,,,,4,,4,,,,,,,,,,3,,,,,,,,,,,,,,,,,,,4,,,,,,,,,,,,5,,,5,,,,,,,,,,,,,,,,,,,,1,,,,,,5,68,46,4,6,6,1,
3/30/23 14:41,3/30/23 14:53,100,689,R_RqaKgcWeLgEOXol,1,2,56,female,female,6,1,1,,,,,,,,,,,,,,,,,,,,,,,,,,,,,,,,,,,,,,,,,,,,,,,,,,,,,,,,,,,,,,,,,,,,,,,,,,,,,,,,,3,,,,3,,,,,,,,3,,,,,2,,,3,,,,,,,,,,,,,,5,,,,,,5,,,,,,,,,,,,5,,,,,,,,,,,,,,,3,,,,,,,,,,,,,,3,,,,,,,,,,7,100,0,1,1,7,2,"I was confused as to the terms used to describe the terms of the replies to the tweets.I'm not sure the replies were dismissive. They didn't agree, that doesn't seem to be the same.This is the exact reason that I don't retweet comments from politicians. I don't understand how their position can be whittled down to the space allowed by twitter. "
3/30/23 14:46,3/30/23 14:53,100,435,R_30ksdJnB3l9qadK,1,2,53,Female,female,2,1,1,,,,,1,,3,,,,2,,,,,,1,,,,1,,,,,,,,5,,,,,,,,,,,,,,,,5,,,,,,,,,,,5,,,,,,4,,,,,,,,,,,,,,,,5,,,,,,,,,,,,,,,,,,,,,,,,,,,,,,,,,,,,,,,,,,,,,,,,,,,,,,,,,,,,,,,,,,,,,,,,,,,,,,,,,,,,,,,,,,,,,,1,0,0,1,6,3,1,Thank you!
3/30/23 14:46,3/30/23 14:53,100,447,R_3oSmTrBZwiokvrO,1,2,39,female,female,6,2,1,,,,,,,,,,,,,,,,,,,,,,,,,,,,,,,,,,,,,,,,,,,,,,,,,,,,,,,,,,,,,,,,,,,,,,,,,,,,,,,,2,,,,,3,,,,,,,2,,,,,,,1,,3,,,,,,,,,,,,,,,,,5,,,,,,,,,,,4,,,,,,,,,,,,,4,,,,,4,,,,,,,,,,,,,,,,,,,4,,,,,,7,63,21,1,5,5,1,Thank you for letting me participate!
3/30/23 14:50,3/30/23 14:53,100,210,R_1K9YkMVHPhfv74Z,1,2,40,Female,female,3,1,1,,,,,1,,,,,1,,,,1,,,,1,,,,,,1,,,,,,,4,,,,,,,,,,5,,,,,,,,,5,,,,,,,,,,,,,,,,5,,,,,,,,,5,,,,,,,,,,,,,,,,,,,,,,,,,,,,,,,,,,,,,,,,,,,,,,,,,,,,,,,,,,,,,,,,,,,,,,,,,,,,,,,,,,,,,,,,,,,,,,,,,4,30,40,2,2,7,1,
3/30/23 14:48,3/30/23 14:53,100,281,R_xmRpeYlykkAwX7z,1,2,39,Male,male,5,1,1,,,,,,,,,,,,,,,,,,,,,,,,,,,,,,,,,,,,,,,,,,,,,,,,,,,,,,,,,,,,,,,,,,,,,,,,,,,,,,,,,,,1,,,,,1,,2,,,,,,,,1,,,,,1,,,,,,,5,,,,,,,,,,,,,5,,,,,,,,,,,,,,,,,,,,,,5,,,,,,,5,,,,,,,,,,,,,,,,,,,5,6,75,5,2,6,3,1,
3/30/23 14:48,3/30/23 14:53,100,329,R_3fk6B40NHQZhZog,1,2,59,female,female,6,2,1,,,,,,,,,,,,,,,,,,,,,,,,,,,,,,,,,,,,,,,,,,,,,,,,,,,,,,,,,,,,,,,,,,,,,,,,,,,,,,,,,,1,,,,5,,,,,1,,,,,,,,4,,,,,,3,,,,5,,,,,,,,,,,,,,,,5,,,,,,,,,,5,,,,,,,,,,,,,,,,,,,,,,,5,5,,,,,,,,,,,,,7,83,36,4,6,6,1,
3/30/23 14:46,3/30/23 14:53,100,417,R_2v03NBK0fhpF8G3,1,2,61,Male,male,4,1,1,,,,,,,,,,,,,,,,,,,,,,,,,,,,,,,,,,,,,,,,,,,,,,,,,,,,,,,,,,,,,,,,,,,,,,,,,,,,,,,,1,,,,,2,,,,,,,,1,,,,,1,,,1,,,,,,,,,,,,5,,,,,,,,5,,,,,,,,,,,,,,,,5,,,,,,,,,5,,,,,,,,,,,,,,,,,5,,,,,,,,,4,74,1,1,5,5,1,Thank you for the survey and stay safe.
3/30/23 14:49,3/30/23 14:53,100,276,R_1OMIO8Dsnc0Rz7n,1,2,30,female,female,5,1,1,,,,,,,,,,,,,,,,,,,,,,,,,,,,,,,,,,,,,,,,,,,,,,,,,,,,,,,,,,,,,,,,,,,,,,,,,,,,,,,1,,,,,,,,2,,,,,,,2,,,3,,,,,,,2,,,,,,,,,,,,,,,5,,,,,,,,,,,,5,,,4,,,,,,,,,,,,,,4,,,,,,,,,,,,,,,,,,,,,,,4,6,50,20,1,4,6,1,
3/30/23 14:47,3/30/23 14:53,100,400,R_22DJrYrn25enGXN,1,2,32,Male,male,3,1,1,1,,,,,,,1,,,,1,,,,,,,1,,,,,,1,,,,,,,,4,,,,5,,,,,,,,,,,5,,,,,,,,,,,,,,,,,5,,,,,,,5,,,,,,,,,,,,,,,,,,,,,,,,,,,,,,,,,,,,,,,,,,,,,,,,,,,,,,,,,,,,,,,,,,,,,,,,,,,,,,,,,,,,,,,,,,,,,,,,,,,,4,30,35,4,4,7,1,
3/30/23 14:48,3/30/23 14:54,100,310,R_27NAs0oebIge4o3,1,2,33,male,male,3,1,2,,1,,,,,5,,,,,,1,,,,,1,,,,,4,,,,4,,,,,,,,,,,,5,,,,,,,,,,,,,,,,,4,,,,5,,,,,,,,,,,,,,5,,,,,,,,,,,,,,,,,,,,,,,,,,,,,,,,,,,,,,,,,,,,,,,,,,,,,,,,,,,,,,,,,,,,,,,,,,,,,,,,,,,,,,,,,,,,,,,,,,4,55,70,2,4,7,1,
3/30/23 14:49,3/30/23 14:54,100,269,R_UuKEtXUCxlu7e8h,1,2,37,female,female,4,2,1,,,,,,,,,,,,,,,,,,,,,,,,,,,,,,,,,,,,,,,,,,,,,,,,,,,,,,,,,,,,,,,,,,,,,,,,,,,,,,,,,,2,,,,,,2,,,3,,,,,,3,,,,,,,,,2,,,,,,,5,,,,,,,,,,,,,,5,,,,,,,,,,,,,,,,5,,,,,,,,,,,,,5,,,,,,,,,,,,5,,,,4,78,9,1,5,5,1,
3/30/23 14:34,3/30/23 14:54,100,1207,R_3KBZqspJyGpVzld,1,2,28,male,male,6,1,1,,,,,,,,,,,,,,,,,,,,,,,,,,,,,,,,,,,,,,,,,,,,,,,,,,,,,,,,,,,,,,,,,,,,,,,,,,,,,,,3,,,,,,,,3,,,,3,,,,,,3,,,,,,,,3,,,,4,,,,,,,,,,,,3,,,,,,,,,,,,,,,,,,,3,,,,,,,,,,,,,2,,,,,,,,,,,,,,,,,,3,7,3,89,6,6,6,1,No comments
3/30/23 14:50,3/30/23 14:54,100,240,R_0UGGapl5OOoFY2t,1,2,24,female,female,5,1,1,,,,,,,,,,,,,,,,,,,,,,,,,,,,,,,,,,,,,,,,,,,,,,,,,,,,,,,,,,,,,,,,,,,,,,,,,,,,,,,,,,,1,,2,,,,,,2,,,,,,,,3,,,,,,3,,,5,,,,,,,,,,,,,,,,5,,,,,,,,,5,,,,,,,,,,,,,4,,,,,,,,,,,,,,,,,,,,,,,5,,,6,71,30,2,5,5,1,
3/30/23 14:51,3/30/23 14:54,100,176,R_tPQrmAOXfeyRPfr,1,2,40,Male,male,6,1,2,,,,,,,,,,,,,,,,,,,,,,,,,,,,,,,,,,,,,,,,,,,,,,,,,,,,,,,,,,,,,,,,,,,,,,,,,,,,,,,,,4,,,,,,,,1,,1,,,,,,,,,1,,1,,,,,,,,,,,,,,5,,,,,,,,5,,,,,,,,,,,,,,,5,,,,,,,,,,,,,,,,5,,,,,,,4,,,,,,,,,,6,90,20,4,7,6,1,
3/30/23 14:47,3/30/23 14:54,100,378,R_2TuQB8DbIx6YX5J,1,2,28,FEMALE,female,6,1,2,,,,,,,,,,,,,,,,,,,,,,,,,,,,,,,,,,,,,,,,,,,,,,,,,,,,,,,,,,,,,,,,,,,,,,,,,,,,,,,,,,3,,,,,3,,,,,2,,,,,,,,3,,,,,,3,,,3,,,,,,,,,,,,,3,,,,,,,,,,,,3,,,,,,,,,,,,,,,,,,,3,,,,,,,,3,,,,,,,,,,,7,73,0,2,7,2,1,
3/30/23 14:51,3/30/23 14:54,100,201,R_C1SreUFvO0fPbNv,1,2,27,male,male,6,1,2,,,,,,,,,,,,,,,,,,,,,,,,,,,,,,,,,,,,,,,,,,,,,,,,,,,,,,,,,,,,,,,,,,,,,,,,,,,,,,,,1,,,,,1,,,,,,,1,,,,1,,,,,,,,,1,,,,,5,,,,,,,,,,,,,,,,,,5,,,,,,,,1,,,,,,,,,,,,,,,,,,,,,,4,,,,,,,,,5,,,,,7,80,19,3,5,5,1,
3/30/23 14:51,3/30/23 14:54,100,199,R_vJthLjzqanWcllT,1,2,27,Male,male,6,2,1,,,,,,,,,,,,,,,,,,,,,,,,,,,,,,,,,,,,,,,,,,,,,,,,,,,,,,,,,,,,,,,,,,,,,,,,,,,,,,,1,,,,,,,,1,,,,,,,,3,,,,,1,,,,,1,,5,,,,,,,,,,,,,,,,5,,,,,,,,,,,,5,,,,,,,,,,,,,,,,,,,,5,,,,,5,,,,,,,,,,,,7,75,0,1,7,1,1,
3/30/23 14:49,3/30/23 14:54,100,314,R_3Mm94H4foRCctck,1,2,61,Female,female,2,1,2,,,1,,,,,,2,,,,,,2,1,,,,,,,1,,,5,,,,,,,,,,,,,,,,,5,,,,5,,,,,,,,,,,,,,5,,,,,,,,5,,,,,,,,,,,,,,,,,,,,,,,,,,,,,,,,,,,,,,,,,,,,,,,,,,,,,,,,,,,,,,,,,,,,,,,,,,,,,,,,,,,,,,,,,,,,,,,,,,,,,,,2,14,96,5,6,4,1,
3/30/23 14:45,3/30/23 14:54,100,573,R_1nOPy3jDn9IHXuR,1,2,59,genderqueer,genderqueer,6,1,2,,,,,,,,,,,,,,,,,,,,,,,,,,,,,,,,,,,,,,,,,,,,,,,,,,,,,,,,,,,,,,,,,,,,,,,,,,,,,,,,,2,,,,2,,,,,,,2,,,,,2,,,,2,,,,,,5,,,,,,,,,,,,,,,,,,,,,,,5,,,,,,,,,,,,,5,,,,,,,,,,,,,,,5,,,5,,,,,,,,,,,7,65,10,2,6,4,1,
3/30/23 14:46,3/30/23 14:54,100,492,R_2BkWbGVg8u6viDn,1,2,32,trans nonbinary genderfluid,nonbinary,6,1,2,,,,,,,,,,,,,,,,,,,,,,,,,,,,,,,,,,,,,,,,,,,,,,,,,,,,,,,,,,,,,,,,,,,,,,,,,,,,,,,,,3,,,,,,,,2,,,,,1,,,,,3,,,,,,2,,,,,,,,,,,,,,5,,,,,,,,,,4,,,,,,,,,,,,,,,5,,,,,3,,,,,,,,,,,,,,,5,,,,,,,,7,50,0,1,5,4,1,
3/30/23 14:47,3/30/23 14:54,100,428,R_RrYOHD7wx2IDao1,1,2,50,male,male,4,1,1,,,,,,,,,,,,,,,,,,,,,,,,,,,,,,,,,,,,,,,,,,,,,,,,,,,,,,,,,,,,,,,,,,,,,,,,,,,,,,,,,,1,,,,,1,,,,1,,,,,,,,2,,,3,,,,,,,,,,,,,3,,,,,,,,,,,,,5,,,,,,,,4,,,,,,,,,,,5,,,,,,,,,,,,,,,,,,,,,,,5,,4,25,15,1,1,6,1,
3/30/23 14:50,3/30/23 14:54,100,268,R_1qTXO4z1xfDjR2U,1,2,28,Male,male,4,1,1,,,,,,,,,,,,,,,,,,,,,,,,,,,,,,,,,,,,,,,,,,,,,,,,,,,,,,,,,,,,,,,,,,,,,,,,,,,,,,,,,,,,2,,4,,,,,,,,1,,,1,,,,1,,,,,,,,,,,,,,,,,,5,,4,,,,,,,,,,,,,5,,,,,,,,,,,,,,,,,,,,,,,,5,,,,,,,,4,,,,,,5,40,15,1,4,5,1,N/A
3/30/23 14:50,3/30/23 14:54,100,284,R_27PWaJcBMvx4Nho,1,2,29,Female,female,6,2,1,,,,,,,,,,,,,,,,,,,,,,,,,,,,,,,,,,,,,,,,,,,,,,,,,,,,,,,,,,,,,,,,,,,,,,,,,,,,,,,,,1,,,,,,,1,,1,,,,,,,,,1,,,2,,,,,,,,,5,,,,,,,,,5,,,,,,,,,,,,,,5,,,,,,,,,,,,,,,,,,,,,,3,,,,,,,,,5,,,,,,,7,81,0,4,7,1,1,
3/30/23 14:49,3/30/23 14:54,100,346,R_2WOafhhe4AfcAIW,1,2,40,Female,female,6,1,2,,,,,,,,,,,,,,,,,,,,,,,,,,,,,,,,,,,,,,,,,,,,,,,,,,,,,,,,,,,,,,,,,,,,,,,,,,,,,,,,,1,,,,,,,1,,,,,1,,,5,,,,,,,,,,5,,,,,,,,5,,,,,,,,,,,,5,,,,,,,,,,5,,,,,,,,,,,,,,,,,,5,,,,,,,,1,,,,,,,,,,7,94,2,4,7,6,1,
3/30/23 14:44,3/30/23 14:55,100,617,R_1hG6kbJgQQGAyiG,1,2,62,female,female,4,1,1,,,,,,,,,,,,,,,,,,,,,,,,,,,,,,,,,,,,,,,,,,,,,,,,,,,,,,,,,,,,,,,,,,,,,,,,,,,,,,,,,,,,3,2,,,,,2,,,,,,,,,,1,,,,1,,,,,,,,,,5,,,,,,,,,,,,5,,,,,,,,,,,,5,,,,,,,,,,5,,,,,,,,,,,,,,,,,5,,,,,,,4,50,50,1,3,4,1,
3/30/23 14:50,3/30/23 14:55,100,276,R_2c6Mf5tz4EFqwS0,1,2,23,nonbinary,nonbinary,6,1,1,,,,,,,,,,,,,,,,,,,,,,,,,,,,,,,,,,,,,,,,,,,,,,,,,,,,,,,,,,,,,,,,,,,,,,,,,,,,,,,,,,,,3,,3,,,,,,,,,3,,2,,,,2,,,,,,3,,,,,,,,,,,,,,3,,,,,,,,,,,,,,,,,,3,,,,,,,,,,,,,,,,,,3,,,,,,,,,,,,,,1,7,60,0,2,4,2,1,
3/30/23 14:43,3/30/23 14:55,100,687,R_tWFdElI2XRWZAS5,1,2,64,male,male,6,2,1,,,,,,,,,,,,,,,,,,,,,,,,,,,,,,,,,,,,,,,,,,,,,,,,,,,,,,,,,,,,,,,,,,,,,,,,,,,,,,,,,,,,2,,,,,1,,,,,1,,,1,,,,,,,,,1,,,,,,,,,5,,,,,5,,,,,,,,,,,,,,,,,,,5,,,,,,,,5,,,,,,,,,,,,,,,,5,,,,,,,,,7,80,15,4,4,6,1,"I liked the survey, but I am pointing out that it is NOT Democrat Party or Democrat candidate, the descriptive word is Democratic.  Thanks"
3/30/23 14:50,3/30/23 14:55,100,288,R_1oGbVaQy2ZgX1jl,1,2,41,female,female,3,1,1,1,,,,,,,1,,,,,1,,,1,,,,,,,,1,,,,,,,,,,,5,,,,,,,,,,,5,,,,,,,,,,,5,,,,,,5,,,,,,,,5,,,,,,,,,,,,,,,,,,,,,,,,,,,,,,,,,,,,,,,,,,,,,,,,,,,,,,,,,,,,,,,,,,,,,,,,,,,,,,,,,,,,,,,,,,,,,,,,,,,,,4,5,5,1,4,4,1,
3/30/23 14:47,3/30/23 14:55,100,456,R_doikgNM1b69zdOV,1,2,33,male,male,6,1,2,,,,,,,,,,,,,,,,,,,,,,,,,,,,,,,,,,,,,,,,,,,,,,,,,,,,,,,,,,,,,,,,,,,,,,,,,,,,,,,,,,,1,,,2,,,,,,1,,,,1,,,,,,1,,,,,,,,,5,,,,,,,,,,,,5,,,,,,,,,,,,,,,,,,,,,,5,,,,,,,5,,,,,,,,,,,4,,,,,,,,,7,60,30,5,5,6,1,
3/30/23 14:45,3/30/23 14:55,100,573,R_3qx7rmHHvQjPd5X,1,2,42,female,female,4,1,1,,,,,,,,,,,,,,,,,,,,,,,,,,,,,,,,,,,,,,,,,,,,,,,,,,,,,,,,,,,,,,,,,,,,,,,,,,,,,,,,,1,,,,,,,1,,5,,,,,,,,,,2,,,,2,,,,,5,,,,,,,,,,,,,5,,,,,,,,,,,,,,,,,,,5,,,,,,5,,,,,,,,,,,,,,,,,,,,,,5,,,5,64,30,2,5,5,1,
3/30/23 14:49,3/30/23 14:55,100,340,R_24pGs9fp6yGQAN9,1,2,48,Female,female,4,1,1,,,,,,,,,,,,,,,,,,,,,,,,,,,,,,,,,,,,,,,,,,,,,,,,,,,,,,,,,,,,,,,,,,,,,,,,,,,,,,,,,,1,,,,,,,3,,,,4,,,,,,2,,,,1,,,,,,,,,2,,,,,,,,,,,,,,,,,,4,,,,,5,,,,,,,,,,,,,,,,,4,,,,,,,2,,,,,,,,,,,,,3,72,55,4,6,5,1,
3/30/23 14:50,3/30/23 14:55,100,332,R_2Sd9bu86YHklMZL,1,2,50,Male,male,2,1,1,,,2,,,,,,2,,,1,,,,,1,,,,,2,,,,,,,,,,,,,,5,,,,,,,5,,,,,,,,,,,,5,,,,,,,,,,,5,,5,,,,,,,,,,,,,,,,,,,,,,,,,,,,,,,,,,,,,,,,,,,,,,,,,,,,,,,,,,,,,,,,,,,,,,,,,,,,,,,,,,,,,,,,,,,,,,,,,,,,,,,,2,10,65,4,7,7,1,
3/30/23 14:47,3/30/23 14:55,100,523,R_2xFahm39nQBXYvh,1,2,31,female,female,6,2,1,,,,,,,,,,,,,,,,,,,,,,,,,,,,,,,,,,,,,,,,,,,,,,,,,,,,,,,,,,,,,,,,,,,,,,,,,,,,,,,1,,,,,,,,,,1,,1,,,,,,,1,,,,,1,,,,,,,5,,,,,,,,,,,,,,,,,,,,,5,,,,,,,,,2,,,,,,,,,,,5,,,,,,,,,,,,,5,,,,,,,,6,100,50,2,3,7,1,
3/30/23 14:49,3/30/23 14:55,100,354,R_1i8Lid4X47wu9Km,1,2,30,Female,female,6,1,1,,,,,,,,,,,,,,,,,,,,,,,,,,,,,,,,,,,,,,,,,,,,,,,,,,,,,,,,,,,,,,,,,,,,,,,,,,,,,,,,1,,,,,,,2,,,,2,,,,,,,4,,,,,2,,,,,,,,4,,,,,,,,,,,,,4,,,,,,,,,4,,,,,,,,,,,,,,,,,,,5,,,,,,,,,,,,,,,,4,,,,7,100,2,5,7,3,1,
3/30/23 14:50,3/30/23 14:55,100,350,R_27fVRP93n6GbX9I,1,2,47,Male,male,4,2,1,,,,,,,,,,,,,,,,,,,,,,,,,,,,,,,,,,,,,,,,,,,,,,,,,,,,,,,,,,,,,,,,,,,,,,,,,,,,,,,,,,,1,,,,2,,,,,,,2,,,,2,,,,1,,,,,,,,,,,,,,,,5,,,,,,,,,,,,5,,,,,,,,,,,4,,,,,,,,,5,,,,,,,,,,,,,,,,5,,,,,,4,70,61,2,2,6,1,
3/30/23 14:51,3/30/23 14:55,100,294,R_2739dzrlGTvQFr5,1,2,59,female,female,3,1,1,,,1,,,,,,,2,1,,,,,,,,1,,,,,,2,,,,,,,,,5,,,,,,5,,,,,,,,,,,,,,,5,,,,,,,,,,,,4,,,,,,,,,,5,,,,,,,,,,,,,,,,,,,,,,,,,,,,,,,,,,,,,,,,,,,,,,,,,,,,,,,,,,,,,,,,,,,,,,,,,,,,,,,,,,,,,,,,,,,,,,,3,82,81,5,2,7,1,
3/30/23 14:52,3/30/23 14:56,100,206,R_3k4zWmB9nuf4Rma,1,2,45,Male,male,4,2,1,,,,,,,,,,,,,,,,,,,,,,,,,,,,,,,,,,,,,,,,,,,,,,,,,,,,,,,,,,,,,,,,,,,,,,,,,,,,,,,,,,1,,,,,4,,,,,,3,,,,,,,5,,,,,5,,,,,,,,,,5,,,,,,,5,,,,,,,,,,,,,,,,,,5,,,,,,,,,,,,,,,,,,5,,,,,,,,,,5,,,,4,50,10,5,5,5,1,
3/30/23 14:52,3/30/23 14:56,100,239,R_3KuYRyiUC8UrSDw,1,2,30,,,4,1,1,,,,,,,,,,,,,,,,,,,,,,,,,,,,,,,,,,,,,,,,,,,,,,,,,,,,,,,,,,,,,,,,,,,,,,,,,,,,,,,1,,,,,,,,,,1,,,,,,1,,,,2,,,,,,1,,,,,,,,,,5,,,,,,,,,,5,,,,,,,,,,,,,,5,,,,,,,,,,,5,,,,,,,,,5,,,,,,,,,,,,,5,20,15,5,4,7,1,
3/30/23 14:46,3/30/23 14:56,100,571,R_3r05gzoEHjOOeSJ,1,2,68,woman,female,4,1,1,,,,,,,,,,,,,,,,,,,,,,,,,,,,,,,,,,,,,,,,,,,,,,,,,,,,,,,,,,,,,,,,,,,,,,,,,,,,,,,3,,,,,,,,,,2,,,,,,3,,,2,,,,,,2,,,,,,,,,,,,5,,,,,,,,,,,,,,,,5,,,,,,,,,,,5,,,,,,,,,,,,5,,,,,,5,,,,,,,,,,,4,40,61,1,1,7,1,
3/30/23 14:49,3/30/23 14:56,100,393,R_1jU0l7kbHG9dobe,1,2,36,non-binary,nonbinary,6,1,1,,,,,,,,,,,,,,,,,,,,,,,,,,,,,,,,,,,,,,,,,,,,,,,,,,,,,,,,,,,,,,,,,,,,,,,,,,,,,,,3,,,,,,2,,,,,3,,,,,,2,,,,,,,,3,,,,,,,,3,,,,,,,,,,,,,,,,,,,4,,,,,,,,,,5,,,,,,,,,,,,,,5,,,,,,,,,,,,,,4,,,7,1,0,1,5,1,1,
3/30/23 14:52,3/30/23 14:56,100,206,R_3khakizqYXLVhs8,1,2,33,male,male,3,1,2,,,,2,,,2,,,,,,,,3,,,2,,,3,,,,,,,5,,,,,,,,,,,,,,,,,4,,,,4,,,,,,,,,,,,4,,,,,,,,,,,,,,,,,4,,,,,,,,,,,,,,,,,,,,,,,,,,,,,,,,,,,,,,,,,,,,,,,,,,,,,,,,,,,,,,,,,,,,,,,,,,,,,,,,,,,,,,,,,,,,,,4,18,50,2,5,3,1,
3/30/23 14:50,3/30/23 14:56,100,372,R_2AYW64F6Hv8mRIZ,1,2,27,female,female,6,1,1,,,,,,,,,,,,,,,,,,,,,,,,,,,,,,,,,,,,,,,,,,,,,,,,,,,,,,,,,,,,,,,,,,,,,,,,,,,,,,,,,,,,3,,2,,,,,,1,,,,1,,,,,,,3,,,,,,,,,,,4,,,,,,5,,,,,,,,,,,,,,,,,5,,,,,,,,,,,,,,4,,,,,,,,,,,,4,,,,,,,,,6,95,20,5,7,4,1,
3/30/23 14:52,3/30/23 14:56,100,236,R_25Bl4h4uMO2pS3G,1,2,24,Female,female,6,1,2,,,,,,,,,,,,,,,,,,,,,,,,,,,,,,,,,,,,,,,,,,,,,,,,,,,,,,,,,,,,,,,,,,,,,,,,,,,,,,,,,,,1,,1,,,,,,,4,,,,,,,1,,,,,,1,,,,3,,,,,,,,,,,,,,,,,5,,,,,,,,,,,,,,3,,,,,,,,,,,,,,,,,5,,,,,,,,,,,,,,4,7,80,20,2,5,4,1,
3/30/23 14:49,3/30/23 14:56,100,423,R_1eDcCSRTF1aGihz,1,2,37,Male,male,3,1,1,,,,1,,2,,,,,,,,,1,,1,,,,,2,,,,,,,,5,,,,,,,,,,,5,,,,,,,,,,,,5,,,,,,,,,,,,5,,,,,,,,,,5,,,,,,,,,,,,,,,,,,,,,,,,,,,,,,,,,,,,,,,,,,,,,,,,,,,,,,,,,,,,,,,,,,,,,,,,,,,,,,,,,,,,,,,,,,,,,,,,,4,25,30,5,5,6,1,
3/30/23 14:48,3/30/23 14:56,100,500,R_xFb4DXlPpd9AevT,1,2,42,male,male,4,2,1,,,,,,,,,,,,,,,,,,,,,,,,,,,,,,,,,,,,,,,,,,,,,,,,,,,,,,,,,,,,,,,,,,,,,,,,,,,,,,,,,,,,3,,5,,,,,,,,1,,1,,,,,,,,1,,,,4,,,,,,,,,,,,,,,,,,,,,,,,5,,,,,,,,,,,,5,,,,,,,,,,,,,5,,,,,,,5,,,,,,,,5,63,58,6,4,4,1,
3/30/23 14:49,3/30/23 14:56,100,439,R_UGybX3i4tilCBs5,1,2,20,male,male,4,1,1,,,,,,,,,,,,,,,,,,,,,,,,,,,,,,,,,,,,,,,,,,,,,,,,,,,,,,,,,,,,,,,,,,,,,,,,,,,,,,,,,2,,,,,,2,,,,,3,,,,,2,,,,2,,,,,,,,,,,,,,,,,,2,,,,,,,,,,,2,,,,,,,,,,,,,,4,,,,,,,,1,,,,,,,,,4,,,,,,,,,,,4,57,43,4,3,3,2,
3/30/23 14:51,3/30/23 14:56,100,296,R_1NrbRI7I7JnLubu,1,2,39,non-binary,nonbinary,6,1,1,,,,,,,,,,,,,,,,,,,,,,,,,,,,,,,,,,,,,,,,,,,,,,,,,,,,,,,,,,,,,,,,,,,,,,,,,,,,,,,,,1,,,,,2,,,,,1,,,,,,,,2,,1,,,,,,,,,,5,,,,,,,,,,,,,,,,,,3,,,,,,,,,,,,,,,4,,,,,,,,,,5,,,,,,,,2,,,,,,,,,,7,81,2,3,6,3,1,Some of the posts were dismissive of opposing views because those views needed to be dismissed. Not everything is an opinion --- some things are dangerous falsehoods and SHOULD be dismissed.
3/30/23 14:52,3/30/23 14:56,100,255,R_2dYcjpto7B8oyRq,1,2,34,Male,male,5,1,2,,,,,,,,,,,,,,,,,,,,,,,,,,,,,,,,,,,,,,,,,,,,,,,,,,,,,,,,,,,,,,,,,,,,,,,,,,,,,,,,,,,,3,,,,1,,3,,,,,,,2,,,,,,1,,,,,5,,,,,,,,,,,,,,,,,,,,,4,,,,,,,,5,,,,,,,,,,,,,,,,5,,,,,,,,,,,,,,,5,,,,6,75,35,1,4,5,1,
3/30/23 14:53,3/30/23 14:57,100,206,R_suvqZA1F2R5oObv,1,2,47,male,male,5,2,1,,,,,,,,,,,,,,,,,,,,,,,,,,,,,,,,,,,,,,,,,,,,,,,,,,,,,,,,,,,,,,,,,,,,,,,,,,,,,,,,,,1,,,,4,,,,,,,3,,,,,,,2,,,,2,,,,,,,,5,,,,,,,,,,,,5,,,,,,,,,,,,,,,,,,,,,5,,,,,,,,5,,,,,,,,,,,,4,,,,,,,6,83,13,4,6,4,1,
3/30/23 14:51,3/30/23 14:57,100,348,R_1M6rw1lwatr4V5W,1,2,24,female,female,5,1,2,,,,,,,,,,,,,,,,,,,,,,,,,,,,,,,,,,,,,,,,,,,,,,,,,,,,,,,,,,,,,,,,,,,,,,,,,,,,,,,,2,,,,,,,,,1,,,,,,1,,4,,,,3,,,,,,,,,,,,5,,,,,,,,,,,,,,5,,,,,,,,,,,,,,,4,,,,,,,,,,,,,,,5,,,,,,,,,,,,,5,,6,65,30,2,4,6,1,
3/30/23 14:47,3/30/23 14:57,100,595,R_2rMc0a49StuKUff,1,2,35,Male,male,2,2,1,,,,,3,,,,1,,,2,,,,,,,,4,1,,,,,,,,5,,,,,,,,,5,,,,,,,,,,,,,,,,5,,,,5,,,,,,,,,,,,5,,,,,,,,,,,,,,,,,,,,,,,,,,,,,,,,,,,,,,,,,,,,,,,,,,,,,,,,,,,,,,,,,,,,,,,,,,,,,,,,,,,,,,,,,,,,,,,,,,,,,,2,28,57,4,6,6,1,
3/30/23 14:44,3/30/23 14:57,100,781,R_1eODsxiXK9f1iE4,1,2,44,male,male,4,1,1,,,,,,,,,,,,,,,,,,,,,,,,,,,,,,,,,,,,,,,,,,,,,,,,,,,,,,,,,,,,,,,,,,,,,,,,,,,,,,,,,,1,,,,,,,4,,,,,1,,,,,,2,,,,,,3,,,,,,,,,,,,4,,4,,,,,,,,,,,,,4,,,,,,,,,,,,,,,,3,,,,,,,,,,,,,,,,,1,,,,,,5,86,77,5,5,7,1,
3/30/23 14:49,3/30/23 14:57,100,452,R_1QDATnWPC8ZUSho,1,2,38,Man,male,3,1,2,,1,,,,3,,,,,,,1,,,,,,,2,2,,,,,,,3,,,,,,,,,5,,,,,,,,,,,,,,5,,,,,,,,,,,,,,,,5,,,,,,,,,,,5,,,,,,,,,,,,,,,,,,,,,,,,,,,,,,,,,,,,,,,,,,,,,,,,,,,,,,,,,,,,,,,,,,,,,,,,,,,,,,,,,,,,,,,,,,,,,,4,0,6,6,5,5,1,Very fun and interesting survey 
3/30/23 14:53,3/30/23 14:57,100,243,R_2axmXLzSZ6h4XsI,1,2,25,Female,female,4,1,2,,,,,,,,,,,,,,,,,,,,,,,,,,,,,,,,,,,,,,,,,,,,,,,,,,,,,,,,,,,,,,,,,,,,,,,,,,,,,,,,1,,,,,,,,1,,,,,,,1,,,1,,,,,,,,1,,,,,,,,,,5,,,,5,,,,,,,,,,,,,,,,,5,,,,,,,,,,,,,,,,,,,5,,,5,,,,,,,,,,,,,5,60,47,7,4,7,1,
3/30/23 14:45,3/30/23 14:57,100,699,R_2dNl5zbYunejTbZ,1,2,66,Female,female,4,2,1,,,,,,,,,,,,,,,,,,,,,,,,,,,,,,,,,,,,,,,,,,,,,,,,,,,,,,,,,,,,,,,,,,,,,,,,,,,,,,,,,1,,,,,,,1,,,2,,,,,,,1,,,,,1,,,,,,,,,,,,,,5,,,,,,,,,,,,,,,4,,,,,,,,,,,,,4,,,,,,,,,,,4,,,,,,,,5,,,,,,,,4,100,50,4,7,7,1,
3/30/23 14:54,3/30/23 14:57,100,170,R_3GD6jpul1cAfS2S,1,2,49,Male,male,4,1,1,,,,,,,,,,,,,,,,,,,,,,,,,,,,,,,,,,,,,,,,,,,,,,,,,,,,,,,,,,,,,,,,,,,,,,,,,,,,,,,,,,,,2,,,,,2,,,2,,,,,,2,,,,,,,2,,,,,,,,,,,,,,4,,,,,,,,,,,,4,,,,,,,,5,,,,,,,,,,,,,,,,,,,5,5,,,,,,,,,,,,,4,40,35,1,3,6,1,
3/30/23 14:46,3/30/23 14:57,100,688,R_2CrnKohj4v6DNIA,1,2,36,Male.,male,4,1,1,,,,,,,,,,,,,,,,,,,,,,,,,,,,,,,,,,,,,,,,,,,,,,,,,,,,,,,,,,,,,,,,,,,,,,,,,,,,,,,,,,,1,,,,,3,,,,,2,,,,,,3,,,,,2,,,,4,,,,,,,,,,,,,,,,,,,,5,,,,,5,,,,,,,,,,,,,,,5,,,,,,,,,,,,,,,,,5,,,,,,,5,30,20,4,5,6,1,
3/30/23 14:49,3/30/23 14:57,100,512,R_C7gsntBHR9g92O5,1,2,40,Male,male,6,1,2,,,,,,,,,,,,,,,,,,,,,,,,,,,,,,,,,,,,,,,,,,,,,,,,,,,,,,,,,,,,,,,,,,,,,,,,,,,,,,,,,3,,,,,,,1,,,,,,1,,,,,1,,,,2,,,,,,,,,,,,,,4,,,,5,,,,,,,,,,,,,,,,,,,,5,,,,,,5,,,,,,,,,,,,,5,,,,,,,,,,,,7,90,20,4,6,5,1,
3/30/23 14:46,3/30/23 14:57,100,686,R_2YYeEvUcWsfbw4v,1,2,20,Male,,3,1,1,,,,5,,,,,4,,2,,,,,,,3,,,,,,3,,,,,,,,,1,,,,,,,3,,,,,,,2,,,,,,,,,,,,,,,,,4,,,,,,,,,3,,,,,,,,,,,,,,,,,,,,,,,,,,,,,,,,,,,,,,,,,,,,,,,,,,,,,,,,,,,,,,,,,,,,,,,,,,,,,,,,,,,,,,,,,,,,,,,,,,,4,62,26,6,5,5,2,
3/30/23 14:52,3/30/23 14:57,100,335,R_3rIok5mWjU4HeKH,1,2,66,woman,female,6,2,1,,,,,,,,,,,,,,,,,,,,,,,,,,,,,,,,,,,,,,,,,,,,,,,,,,,,,,,,,,,,,,,,,,,,,,,,,,,,,,,,,,,,3,,,,2,,,,,3,,,2,,,,,3,,,,,,,,,,5,,,,,,,,,,,,,,,,,5,,,,,,,,,5,,,,,,,,,5,,,,,,,,,,,,,,,,,,,,,5,,,,,5,85,40,3,3,5,1,
3/30/23 14:54,3/30/23 14:57,100,213,R_2118iPJ27sapOm3,1,2,25,Male,male,4,1,1,,,,,,,,,,,,,,,,,,,,,,,,,,,,,,,,,,,,,,,,,,,,,,,,,,,,,,,,,,,,,,,,,,,,,,,,,,,,,,,,3,,,,,,3,,,,3,,,,,,,,5,,,,3,,,,,,,,,,,,,,,,5,,,,,,,3,,,,,,,,,,,,,,,,,,,,3,,,,,,,,,,,,3,,,,,,3,,,,,,,,,4,0,0,1,1,4,1,
3/30/23 14:53,3/30/23 14:57,100,279,R_1rBvcihxHmUXfmk,1,2,36,male,male,6,1,1,,,,,,,,,,,,,,,,,,,,,,,,,,,,,,,,,,,,,,,,,,,,,,,,,,,,,,,,,,,,,,,,,,,,,,,,,,,,,,,,,,,1,,,2,,,,2,,,,,,2,,,,,,,1,,,,,,,,,,,,5,,,,,,4,,,,,,,,,,,,,,5,,,,,,,,,,,,,,,,,,5,,,,,,,4,,,,,,,,,,,,7,81,13,4,5,6,1,
3/30/23 14:52,3/30/23 14:58,100,345,R_2WU45JOLQE6Gs7G,1,2,59,female,female,5,2,1,,,,,,,,,,,,,,,,,,,,,,,,,,,,,,,,,,,,,,,,,,,,,,,,,,,,,,,,,,,,,,,,,,,,,,,,,,,,,,,1,,,,,,,2,,,,,,1,,,,,,,,1,,,,1,,,,,,,,,5,,,,,,,,,,,,,,5,,,,,,,,,,,,,,,,,,5,,,,,5,,,,,,,,,,,,,,,,,,,,3,,6,70,40,1,2,7,1,
3/30/23 14:54,3/30/23 14:58,100,225,R_2wuY1kDHDO3tWNx,1,2,36,male,male,3,1,1,,4,,,,,2,,,,,2,,,,,2,,,,,,4,,,4,,,,,,,,,,,,,,,,4,,,,,,5,,,,,,,,,,,,,,,3,,,,,,,,,3,,,,,,,,,,,,,,,,,,,,,,,,,,,,,,,,,,,,,,,,,,,,,,,,,,,,,,,,,,,,,,,,,,,,,,,,,,,,,,,,,,,,,,,,,,,,,,,,,,,,3,0,17,2,6,2,1,
3/30/23 14:52,3/30/23 14:58,100,321,R_C35lxB6RqmFqSM9,1,2,40,male,male,6,2,1,,,,,,,,,,,,,,,,,,,,,,,,,,,,,,,,,,,,,,,,,,,,,,,,,,,,,,,,,,,,,,,,,,,,,,,,,,,,,,,,1,,,,,,,,,1,,,,,1,,,,1,,,,,,,1,,,,,,,,,,,,5,,,,5,,,,,,,,,,,,5,,,,,,,,,,,,,5,,,,,,,,,,,,,,,,,,,,,,5,,,,7,76,1,1,4,6,1,"I would love for democrats and republicans to be able to cooperate on everything that happens in our government, I don't want to see any one party running everything, however, one party is calling for people like me to be physically attacted a/o rounded up and put in camps, and it's not the democrats."
3/30/23 14:54,3/30/23 14:58,100,254,R_3EBhS7E33QbfXQT,1,2,36,female,female,6,2,1,,,,,,,,,,,,,,,,,,,,,,,,,,,,,,,,,,,,,,,,,,,,,,,,,,,,,,,,,,,,,,,,,,,,,,,,,,,,,,,,,1,,,,,1,,,,,,,,1,,,,1,,,,,,1,,,,,,,,5,,,,,,,,,,,,,,5,,,,,,,,,,,,,,,5,,,,,,,,,,5,,,,,,,,,,,,,,,,5,,,,,7,83,9,2,5,4,1,
3/30/23 14:51,3/30/23 14:58,100,417,R_Ah6FLauwQEJLakF,1,2,20,Male,male,3,1,1,,,,,1,,,2,,,,,,1,,1,,,,,,1,,,,,,,,,,,,5,,,,,4,,,,,,,,,,,,,,,,,5,,,,4,,,,,,,,,,,,,,4,,,,,,,,,,,,,,,,,,,,,,,,,,,,,,,,,,,,,,,,,,,,,,,,,,,,,,,,,,,,,,,,,,,,,,,,,,,,,,,,,,,,,,,,,,,,,,,,,,4,80,85,2,1,7,1,N/A
3/30/23 14:53,3/30/23 14:58,100,284,R_2eRw4tv42rQjPTf,1,2,21,Male,male,3,2,1,,,,1,,,,,,2,,,2,,,2,,,,,,,,2,,,,,,,,,,,4,,,,,,,,,5,,,,,,,,4,,,,,,,,,,5,,,,,,,,4,,,,,,,,,,,,,,,,,,,,,,,,,,,,,,,,,,,,,,,,,,,,,,,,,,,,,,,,,,,,,,,,,,,,,,,,,,,,,,,,,,,,,,,,,,,,,,,,,,,,,,4,40,60,4,5,7,1,
3/30/23 14:51,3/30/23 14:58,100,421,R_1mw12JH3Gbl51T9,1,2,71,female,female,6,2,1,,,,,,,,,,,,,,,,,,,,,,,,,,,,,,,,,,,,,,,,,,,,,,,,,,,,,,,,,,,,,,,,,,,,,,,,,,,,,,,,,4,,,,,,,,1,,,,,,4,,,,,4,,,,,,3,,,,,,,,,,,,5,,,,,,,,,,,,,5,,,,,,,5,,,,,,,,,,,,,,,,5,,,,,,,,5,,,,,,,,,,6,89,7,6,6,6,1,
3/30/23 14:51,3/30/23 14:58,100,421,R_e8lWtxf2WmhgLD3,1,2,32,male,male,5,2,1,,,,,,,,,,,,,,,,,,,,,,,,,,,,,,,,,,,,,,,,,,,,,,,,,,,,,,,,,,,,,,,,,,,,,,,,,,,,,,,,,,,3,,,,3,,,,,4,,,,,,,3,,,4,,,,,,,,,,,,,,,5,,,,,,,,,,,,,,,5,,,,,,5,,,,,,,,,,,,,,,5,,,,,,,,,,,,,,,,,5,,6,81,0,5,6,3,1,
3/30/23 14:54,3/30/23 14:58,100,257,R_3M0bUDnTm2fRZUD,1,2,44,female,female,5,1,1,,,,,,,,,,,,,,,,,,,,,,,,,,,,,,,,,,,,,,,,,,,,,,,,,,,,,,,,,,,,,,,,,,,,,,,,,,,,,,,3,,,,,,,3,,,,,,,3,,,,,,3,,,,,,,3,,,,,,,,,,5,,,,5,,,,,,,,,,,,,,,5,,,,,,,,,,,,,,,,,,,,,5,,,,,,,,,,,,,5,,,5,0,0,4,4,4,1,
3/30/23 14:54,3/30/23 14:58,100,251,R_33rLnbenee24Qeu,1,2,30,Male,male,6,1,1,,,,,,,,,,,,,,,,,,,,,,,,,,,,,,,,,,,,,,,,,,,,,,,,,,,,,,,,,,,,,,,,,,,,,,,,,,,,,,,,,,,,1,1,,,,,1,,,,,,,,,1,,,,,,1,,,,,,,,5,,,,,,,,,,,,,,,,,,,5,,,,,,,,,,4,,,,,,4,,,,,,,,,,,5,,,,,,,,,,,,,7,21,10,1,6,5,1,
3/30/23 14:51,3/30/23 14:58,100,436,R_2WHbzWPw7zRPl3h,1,2,33,Female,female,5,2,2,,,,,,,,,,,,,,,,,,,,,,,,,,,,,,,,,,,,,,,,,,,,,,,,,,,,,,,,,,,,,,,,,,,,,,,,,,,,,,,1,,,,,,,2,,,,,,,3,,,,4,,,,,,,,,2,,,,,5,,,,,,,,,,,,,,,,,,4,,,,,,,,,,,,,,5,,,,,4,,,,,,,,,,,,,,,,,5,,,,,,,6,68,14,3,6,5,1,
3/30/23 14:51,3/30/23 14:58,100,439,R_3KYDpqqRK7EKmKE,1,2,34,Female,female,5,1,1,,,,,,,,,,,,,,,,,,,,,,,,,,,,,,,,,,,,,,,,,,,,,,,,,,,,,,,,,,,,,,,,,,,,,,,,,,,,,,,,1,,,,,,,2,,,,,,,,2,,,2,,,,3,,,,,,,,,,,,,4,,,,,,,4,,,,,,,,,,,,,,,,5,,,,,,,,,,,,,,,,5,,,,,,,,,4,,,,,,,,,6,80,50,2,2,6,1,
3/30/23 14:52,3/30/23 14:59,100,392,R_W8TPYwpWJjQ6Yj7,1,2,34,male,male,6,1,1,,,,,,,,,,,,,,,,,,,,,,,,,,,,,,,,,,,,,,,,,,,,,,,,,,,,,,,,,,,,,,,,,,,,,,,,,,,,,,,,,,2,,,,3,,,,,,,,,2,,5,,,,,,2,,,,,,,,,,,,,4,,,,,,,,,,,5,,,,,,,,,2,,,,,,,,,,,,,,,5,,,,,,,,,,4,,,,,,,,,,,5,83,63,5,2,6,1,
3/30/23 14:54,3/30/23 14:59,100,309,R_2cjwrmEaTvhU8XW,1,2,71,male,male,6,2,1,,,,,,,,,,,,,,,,,,,,,,,,,,,,,,,,,,,,,,,,,,,,,,,,,,,,,,,,,,,,,,,,,,,,,,,,,,,,,,,,,,,2,,4,,,,,,,,,,2,,2,,,,,,,,2,,,,,,,,,,4,,,,,,,,,,,4,,,,,,,,,,,,,,5,,,,,,,,,,5,,,,,,,,,,,2,,,,,,,,,,,7,80,3,6,6,5,1,
3/30/23 14:56,3/30/23 14:59,100,146,R_1jkUMiqnHAzdSrb,1,2,22,Male,male,4,1,2,,,,,,,,,,,,,,,,,,,,,,,,,,,,,,,,,,,,,,,,,,,,,,,,,,,,,,,,,,,,,,,,,,,,,,,,,,,,,,,,,,,,3,2,,,,,,,,,,2,,,,,3,,,,,2,,,,,,,4,,,,,,,,,,,,3,,,,,,,,,,,,,,,,,,4,,,,,,,,,,,3,,,,,,,,,,,,,,,,,5,,4,60,55,4,5,4,1,
3/30/23 14:50,3/30/23 14:59,100,530,R_3GdYzxirOcDCdqg,1,2,65,male,male,5,1,1,,,,,,,,,,,,,,,,,,,,,,,,,,,,,,,,,,,,,,,,,,,,,,,,,,,,,,,,,,,,,,,,,,,,,,,,,,,,,,,,3,,,,,1,,,,,,2,,,,,,,,,1,,,,3,,,,,,,,,,,,,,3,,,,,,,,,,5,,,,,5,,,,,,,,,,,,,,,5,,,,,,,,,,,,,,,,,,5,,,,,,6,91,70,2,4,6,1,
3/30/23 14:53,3/30/23 14:59,100,355,R_XhW1k6Iq48OvsAN,1,2,26,Male,male,5,1,1,,,,,,,,,,,,,,,,,,,,,,,,,,,,,,,,,,,,,,,,,,,,,,,,,,,,,,,,,,,,,,,,,,,,,,,,,,,,,,,,,,,1,,,,2,,,,,3,,,,,,,1,,,,3,,,,,,,5,,,,,,,,,,,,,,,,,,,,,4,,,,,,5,,,,,,,,,5,,,,,,,,,,,,,,,,,4,,,,,,,,,6,80,15,1,7,3,1,An interesting survey.
3/30/23 14:55,3/30/23 14:59,100,218,R_2P5X7XUxywV4iF5,1,2,63,female,female,5,2,1,,,,,,,,,,,,,,,,,,,,,,,,,,,,,,,,,,,,,,,,,,,,,,,,,,,,,,,,,,,,,,,,,,,,,,,,,,,,,,,,3,,,,,2,,,,,,3,,,,,,,2,,,,,,,,2,,,,,,,,,,,,,5,,,,,,,,,,3,,,,,,,,,,,4,,,,,,,4,,,,,,,,,,,,,,,,,5,,,,,,,,6,84,8,2,4,4,1,
3/30/23 14:56,3/30/23 14:59,100,175,R_2TZTwi5OYdUoHCT,1,2,27,Female,female,5,2,1,,,,,,,,,,,,,,,,,,,,,,,,,,,,,,,,,,,,,,,,,,,,,,,,,,,,,,,,,,,,,,,,,,,,,,,,,,,,,,,,,,,,4,,,3,,,,,2,,,,,,,,4,,,3,,,,,,,,,,,,,,2,,,,,,,,,,5,,,,,,,,,,,,,4,,,,,,,4,,,,,,,,,,,,,,,,5,,,,,,,,,6,71,55,3,6,5,1,
3/30/23 14:54,3/30/23 14:59,100,323,R_9yIn4305fpzNX7r,1,2,40,woman,female,6,1,2,,,,,,,,,,,,,,,,,,,,,,,,,,,,,,,,,,,,,,,,,,,,,,,,,,,,,,,,,,,,,,,,,,,,,,,,,,,,,,,,,,2,,,,2,,,,,,,2,,,1,,,,,3,,,,,,5,,,,,,,,,,,,,,,,,,5,,,,,,,,,,,,,5,,,,,,,,,,,,,,4,,,,,,,,,,,,,,,,,5,,,7,95,0,1,7,4,1,
3/30/23 14:57,3/30/23 14:59,100,128,R_3hztaXFtj4VRq0e,1,2,26,Male,male,4,2,1,,,,,,,,,,,,,,,,,,,,,,,,,,,,,,,,,,,,,,,,,,,,,,,,,,,,,,,,,,,,,,,,,,,,,,,,,,,,,,,,,,2,,,,,,3,,5,,,,,,,,4,,,,,3,,,,,,,,4,,,,,,,,,,,1,,,,,,,,,,,,,,,,,2,,,,,,,,,,,,,2,,,,,,,,1,,,,,,,,,,,,4,50,50,4,3,7,1,
3/30/23 14:54,3/30/23 14:59,100,310,R_1Nzw8af576BrAwp,1,2,37,female,female,6,1,1,,,,,,,,,,,,,,,,,,,,,,,,,,,,,,,,,,,,,,,,,,,,,,,,,,,,,,,,,,,,,,,,,,,,,,,,,,,,,,,,2,,,,,,,1,,,,,,2,,,,3,,,,,1,,,,,,,,,,,,5,,,,,,,,,5,,,,,,,,,,,,,4,,,,,,,,,,,,,5,,,,,,,,,,,,,,,,,5,,,,,,7,87,12,3,6,5,1,
3/30/23 14:53,3/30/23 15:00,100,386,R_2rHmuJKc20ZeQ43,1,2,32,Female ,male,4,2,1,,,,,,,,,,,,,,,,,,,,,,,,,,,,,,,,,,,,,,,,,,,,,,,,,,,,,,,,,,,,,,,,,,,,,,,,,,,,,,,4,,,,,,,4,,,,,,4,,,,,2,,,,,,,1,,,,,,,,,,,,4,,,,,,,,,,,,,,5,,,,,,,,,,,,,3,,,,,,,,,,,,,1,,,,,,,,,,,4,,,,,5,67,10,1,3,4,1,
3/30/23 14:43,3/30/23 15:00,100,1011,R_1FD4hHxwCvgmea6,1,2,29,male,male,4,1,2,,,,,,,,,,,,,,,,,,,,,,,,,,,,,,,,,,,,,,,,,,,,,,,,,,,,,,,,,,,,,,,,,,,,,,,,,,,,,,,,,,1,,,,,,1,,,,,,,1,3,,,,,,,,,,1,,,,,,,,,,,,4,,,,,,,,,,,1,,,,,,,5,,,,,,,,,,,,,,,,,,,5,,,,,5,,,,,,,,,,,,4,52,50,4,5,1,1,it was fun to do thanks for the opportunity 
3/30/23 14:58,3/30/23 15:00,100,90,R_dcdSsImWpylKuxH,1,2,21,Male,male,3,1,1,,1,,,,,,2,,,3,,,,,4,,,,,,1,,,,,,,,1,,,,,,,,,,2,,,,,,,,,,2,,,,,,,,,,,,,,5,,,,,,,,,3,,,,,,,,,,,,,,,,,,,,,,,,,,,,,,,,,,,,,,,,,,,,,,,,,,,,,,,,,,,,,,,,,,,,,,,,,,,,,,,,,,,,,,,,,,,,,,,,,,,3,44,64,4,4,6,1,
3/30/23 14:54,3/30/23 15:00,100,333,R_3ktchZyTOuqepyM,1,2,53,male,male,4,1,2,,,,,,,,,,,,,,,,,,,,,,,,,,,,,,,,,,,,,,,,,,,,,,,,,,,,,,,,,,,,,,,,,,,,,,,,,,,,,,,3,,,,,,2,,,,,,3,,,,,,2,,,,3,,,,,,,,,5,,,,,,,,,,,,,,5,,,,,,,,,,,,,5,,,,,,,,,,,4,,,,,,,,,,,5,,,,,,,,,,,,,4,54,45,4,5,5,1,
3/30/23 14:52,3/30/23 15:00,100,449,R_1jkxygCfCrOZAyE,1,2,68,Male,male,4,2,1,,,,,,,,,,,,,,,,,,,,,,,,,,,,,,,,,,,,,,,,,,,,,,,,,,,,,,,,,,,,,,,,,,,,,,,,,,,,,,,,,,,,1,,,,,1,,,,2,,,,,,,1,,,,,,1,,,5,,,,,,,,,,,,,,,,,,,,3,,,,,,,,,,,,,,5,,,,,,,,,,,5,,,,,,,,,,,,,,,,,4,6,70,9,1,4,7,1,none
3/30/23 14:55,3/30/23 15:00,100,260,R_1eOD5X5yN5s66bZ,1,2,39,male,male,5,2,1,,,,,,,,,,,,,,,,,,,,,,,,,,,,,,,,,,,,,,,,,,,,,,,,,,,,,,,,,,,,,,,,,,,,,,,,,,,,,,,,,1,,,,,,,,3,,,,,3,,,,3,,,,3,,,,,,,,5,,,,,,,,,,,,,,,,,,,,,,5,,,,,,,,,,,,5,,,,,3,,,,,,,,,,,,,5,,,,,,,,,,6,80,1,2,7,1,1,
3/30/23 14:52,3/30/23 15:00,100,465,R_sEUQndwucH3ASRz,1,2,45,male,male,6,1,1,,,,,,,,,,,,,,,,,,,,,,,,,,,,,,,,,,,,,,,,,,,,,,,,,,,,,,,,,,,,,,,,,,,,,,,,,,,,,,,,,3,,,,,,2,,,,,,2,,,,,1,,,,3,,,,,5,,,,,,,,,,,,,,,,,,,,,,,,,5,,,5,,,,,,,,,,,5,,,,,,,,,,,,,,,,,,,,,,,5,,,7,25,0,3,6,5,1,
3/30/23 14:57,3/30/23 15:00,100,198,R_1Fby1qOrrMFOg8y,1,2,37,Woman,female,3,1,2,,,2,,,,,,1,,,,,,1,,,,,1,,,,1,,,,,,,5,,,,,,5,,,,,,,,,,,,,,5,,,,,,,,,,,5,,,,,,,5,,,,,,,,,,,,,,,,,,,,,,,,,,,,,,,,,,,,,,,,,,,,,,,,,,,,,,,,,,,,,,,,,,,,,,,,,,,,,,,,,,,,,,,,,,,,,,,,,,,,,,,3,59,49,5,4,6,1,
3/30/23 14:53,3/30/23 15:00,100,442,R_1qeyWx1gZLEF9OB,1,2,39,female,female,4,2,1,,,,,,,,,,,,,,,,,,,,,,,,,,,,,,,,,,,,,,,,,,,,,,,,,,,,,,,,,,,,,,,,,,,,,,,,,,,,,,,,,,,,2,,,,,1,,,,,2,,,,,,1,,,,,,1,,,,,,,,5,,,,,,,,,,4,,,,,,,,,,,,,,,,,5,,,,,,,,,,5,,,,,,,,,,,,,,,,,,,,5,4,1,1,2,1,7,1,
3/30/23 14:57,3/30/23 15:00,100,226,R_2382PlElVjxlj0Q,1,2,40,male,male,6,1,1,,,,,,,,,,,,,,,,,,,,,,,,,,,,,,,,,,,,,,,,,,,,,,,,,,,,,,,,,,,,,,,,,,,,,,,,,,,,,,,,,,5,,,,,,5,,,5,,,,,5,,,,,,5,,,,,,,,,,,5,,,,,,,,5,,,,,,,,,,,,,,,,,,,,,,,,5,,,5,,,,,,,,,,,,,,,,5,,,,,,,,7,44,2,4,6,1,1,none
3/30/23 14:55,3/30/23 15:01,100,316,R_r2uBE3qAv0sPPZ7,1,2,22,Female,female,5,1,1,,,,,,,,,,,,,,,,,,,,,,,,,,,,,,,,,,,,,,,,,,,,,,,,,,,,,,,,,,,,,,,,,,,,,,,,,,,,,,,,,,,1,,1,,,,,,1,,,,,2,,,,,,,,2,,,,5,,,,,,,,,,,,,,,,,,,5,,,,,,,,,,,,,,,,,4,,,,,,,,,,,,,,5,,,,,,,,,,3,,,,6,70,10,2,6,5,1,
3/30/23 14:50,3/30/23 15:01,100,662,R_5jyB6nQDOSWAq9H,1,2,32,Male,male,4,1,1,,,,,,,,,,,,,,,,,,,,,,,,,,,,,,,,,,,,,,,,,,,,,,,,,,,,,,,,,,,,,,,,,,,,,,,,,,,,,,,,3,,,,,3,,,,,3,,,,,,,4,,,,2,,,,,,,,,,,,5,,,,,,,,,,,,,,,5,,,,,,,,,,,,,5,,,,,,,,,4,,,,,,,,,,,,,,,5,,,,,,,4,12,5,2,5,4,1,Most of what I see on social media seems fake. I hope your study helps illuminate what's actually happening. Good luck!
3/30/23 14:56,3/30/23 15:01,100,281,R_3frSIZzaOhTDjrs,1,2,29,Female,female,5,2,1,,,,,,,,,,,,,,,,,,,,,,,,,,,,,,,,,,,,,,,,,,,,,,,,,,,,,,,,,,,,,,,,,,,,,,,,,,,,,,,,2,,,,,,,,,2,,,,,,2,,,,2,,,,2,,,,,,,,,,,,,4,,,,,,,5,,,,,,,,,,,,,,,,,,,,4,,,,,,,,,,,,,,,5,,,,,,,,,,,,5,,6,60,35,3,4,6,1,
3/30/23 14:58,3/30/23 15:01,100,191,R_r6XeIa5Ma2NNp1n,1,2,34,male,male,4,1,2,,,,,,,,,,,,,,,,,,,,,,,,,,,,,,,,,,,,,,,,,,,,,,,,,,,,,,,,,,,,,,,,,,,,,,,,,,,,,,,,,,1,,,,,,,1,,,,,,1,,,,,2,,,,,,5,,,,,,,,,,,,5,,,,,,,5,,,,,,,,,,,,,,5,,,,,,,,,,,,,5,,,,,,,,,,,,,5,,,,,,,5,47,41,3,5,6,1,
3/30/23 14:58,3/30/23 15:01,100,179,R_1hGN61WMSFSFjkv,1,2,31,Male,male,4,1,1,,,,,,,,,,,,,,,,,,,,,,,,,,,,,,,,,,,,,,,,,,,,,,,,,,,,,,,,,,,,,,,,,,,,,,,,,,,,,,,,,2,,,,,,,,1,,,,2,,,,,,3,,,2,,,,,3,,,,,,,,,,,,,,5,,,,,,,,,,,,,,,,,,,,,,,4,,,,,,,4,,,,,,,,,,,,,,,3,,,,,,5,60,50,6,5,4,1,
3/30/23 14:54,3/30/23 15:01,100,440,R_yEYnjcYflLv0FFv,1,2,31,male,male,1,1,2,1,,,,,,,,,1,,,,1,,,4,,,,,,1,,,,,,,,,,,,,,,,,,1,,,,,,,,1,,,,,,,,,,,,,,,,,1,,,,,,,,,,1,,,,,,,,,,,,,,,,,,,,,,,,,,,,,,,,,,,,,,,,,,,,,,,,,,,,,,,,,,,,,,,,,,,,,,,,,,,,,,,,,,,,,,,,,,,,,,,,1,3,100,5,5,5,1,
3/30/23 14:57,3/30/23 15:01,100,237,R_3rV81zBvWMhOuuZ,1,2,29,male,male,5,1,2,,,,,,,,,,,,,,,,,,,,,,,,,,,,,,,,,,,,,,,,,,,,,,,,,,,,,,,,,,,,,,,,,,,,,,,,,,,,,,,,,3,,,,4,,,,,3,,,,,,3,,,,,,,,,3,,,,,,,5,,,,,,,,,,,,,,,,,,5,,,,5,,,,,,,,,,,,,,,,,,,,,5,,,,,,,,,,,,,,,,5,6,71,9,2,4,5,1,It was interestig
3/30/23 14:56,3/30/23 15:01,100,318,R_2V8FWGXo0Twws22,1,2,55,male,male,3,2,1,2,,,,,,,2,,,2,,,,,,,1,,,,,,,2,,5,,,,,,,,,,,,,,,,,,,5,,,,,,,,5,,,,,,,5,,,,,,,,,,5,,,,,,,,,,,,,,,,,,,,,,,,,,,,,,,,,,,,,,,,,,,,,,,,,,,,,,,,,,,,,,,,,,,,,,,,,,,,,,,,,,,,,,,,,,,,,,,,,,,,,4,11,16,1,4,5,1,
3/30/23 14:57,3/30/23 15:01,100,284,R_yWwQHQdcAoMg3sJ,1,2,33,Male,male,6,2,1,,,,,,,,,,,,,,,,,,,,,,,,,,,,,,,,,,,,,,,,,,,,,,,,,,,,,,,,,,,,,,,,,,,,,,,,,,,,,,,,,,,2,,,,,,1,,,,,,2,,,,2,,,,,4,,,,,,5,,,,,,,,,,,,,,,,,,,3,,,,,,,1,,,,,,,,,,,,,5,,,,,,,,,,,,,5,,,,,,,,,,7,45,1,1,6,5,1,N/A
3/30/23 14:57,3/30/23 15:02,100,252,R_2WJ9XstOfImcA6B,1,2,43,male,male,5,1,2,,,,,,,,,,,,,,,,,,,,,,,,,,,,,,,,,,,,,,,,,,,,,,,,,,,,,,,,,,,,,,,,,,,,,,,,,,,,,,,2,,,,,,2,,,,,,3,,,,,,4,,,,,2,,,,,,5,,,,,,,,,,,,,,,,,,,,5,,,,,,,,,,5,,,,,,,,,,,5,,,,,,,,,,,,,,,,,,,,,5,,7,47,0,2,3,2,1,
3/30/23 14:58,3/30/23 15:02,100,210,R_1exVA4ToNP6WJlT,1,2,25,male,male,4,1,1,,,,,,,,,,,,,,,,,,,,,,,,,,,,,,,,,,,,,,,,,,,,,,,,,,,,,,,,,,,,,,,,,,,,,,,,,,,,,,,,,,,,3,,,,1,,3,,,,,,,,,2,,,,,,,1,,,,,,,5,,,,,,,,,,,,,,,,,,,5,,,,,,,,,5,,,,,,,,,,,,,5,,,,,,,,,,,,,,,4,,,4,60,40,5,3,4,1,
3/30/23 14:56,3/30/23 15:02,100,347,R_2TWS82dnNMwC9wm,1,2,36,male,male,3,2,1,,,1,,,,4,,,,,,2,,,,,,3,,2,,,,,,,,5,,,,,,,,,,,,,,,5,,,,,,,,,,,,,5,,,,,,,,5,,,,,,,,,,,,5,,,,,,,,,,,,,,,,,,,,,,,,,,,,,,,,,,,,,,,,,,,,,,,,,,,,,,,,,,,,,,,,,,,,,,,,,,,,,,,,,,,,,,,,,,,,,,,4,61,37,2,2,5,1,
3/30/23 14:57,3/30/23 15:02,100,318,R_2f0W4dbeiEajbgD,1,2,60,Cis-F,female,5,1,1,,,,,,,,,,,,,,,,,,,,,,,,,,,,,,,,,,,,,,,,,,,,,,,,,,,,,,,,,,,,,,,,,,,,,,,,,,,,,,,,,,,1,,,,,,1,,,,4,,,,,1,,,,,,2,,,,,,,,,,,5,,,,,5,,,,,,,,,,,,,,,,,5,,,,,,,,,,,,,,5,,,,,,,,,,,,5,,,,,,,,,6,81,3,5,7,5,1,
3/30/23 14:53,3/30/23 15:02,100,564,R_2th4NkW6PkZYpKk,1,2,46,Female,female,2,1,1,,,,,2,2,,,,,,,,1,,,,,3,,,,,,2,,,,,,,,,,,5,,,,,,,,,,4,,,,,,,5,,,,,,4,,,,,,,,,,,,,,,,,,5,,,,,,,,,,,,,,,,,,,,,,,,,,,,,,,,,,,,,,,,,,,,,,,,,,,,,,,,,,,,,,,,,,,,,,,,,,,,,,,,,,,,,,,,,,,,,,,2,10,30,1,3,2,1,
3/30/23 14:55,3/30/23 15:02,100,441,R_2tyU83ik2WHyW3N,1,2,51,male,male,4,1,1,,,,,,,,,,,,,,,,,,,,,,,,,,,,,,,,,,,,,,,,,,,,,,,,,,,,,,,,,,,,,,,,,,,,,,,,,,,,,,,1,,,,,,2,,,,,,1,,,,,,1,,,,2,,,,,,,,,,5,,,,,,,,,,,,,,,5,,,,,,,,,,,,,5,,,,,,,,,,,,,,,,,,5,,,5,,,,,,,,,,,,6,90,15,1,3,7,1,
3/30/23 14:58,3/30/23 15:02,100,291,R_3l81AreaPEiiaxb,1,2,31,man,male,4,1,1,,,,,,,,,,,,,,,,,,,,,,,,,,,,,,,,,,,,,,,,,,,,,,,,,,,,,,,,,,,,,,,,,,,,,,,,,,,,,,,,,,1,,,,1,,,,,,2,,,,,1,,,,,,2,,,,,,,,,,,5,,,,,,,,,,4,,,,,,,,,,,,,,,,,,,5,,,,,,,,,,,5,,,,,,,,,,,3,,,,,,,4,59,19,2,5,5,1,
3/30/23 14:59,3/30/23 15:03,100,242,R_3HUpX3wwmPiBKBT,1,2,41,female,female,4,2,1,,,,,,,,,,,,,,,,,,,,,,,,,,,,,,,,,,,,,,,,,,,,,,,,,,,,,,,,,,,,,,,,,,,,,,,,,,,,,,,,3,,,,,,,,,2,3,,,,,,,,,,3,,3,,,,,5,,,,,,,,,,,,,,,,,,,,,,,,,5,,,,,,5,,,,,,,,,,,,5,,,,,,,,,,,5,,,,,,,,,,,5,40,27,2,4,4,1,
3/30/23 14:55,3/30/23 15:03,100,444,R_3O35ggP3CeNcRhY,1,2,24,Male,male,3,1,1,,,1,,,2,,,,,,1,,,,,,,,1,,2,,,,5,,,,,,,,,,,,,,,,,5,,,,4,,,,,,,,,,,,,,,,4,,,,,5,,,,,,,,,,,,,,,,,,,,,,,,,,,,,,,,,,,,,,,,,,,,,,,,,,,,,,,,,,,,,,,,,,,,,,,,,,,,,,,,,,,,,,,,,,,,,,,,,,,,,,,,3,50,50,1,2,6,1,
3/30/23 14:50,3/30/23 15:03,100,801,R_1eWCaC5AKJhkBYK,1,2,28,Male,male,4,1,1,,,,,,,,,,,,,,,,,,,,,,,,,,,,,,,,,,,,,,,,,,,,,,,,,,,,,,,,,,,,,,,,,,,,,,,,,,,,,,,,,,1,,,,,,1,,,,,,,3,,,,,1,,,3,,,,,,,,,,,,,5,,,,,,,,,,,,,,,5,,,,,,,,,,,5,,,,,,,,,,,,,5,,,,,,,,,,,,,5,,,,5,60,60,6,4,5,1,
3/30/23 14:56,3/30/23 15:04,100,476,R_3G21Vc9yOCGcYwA,1,2,55,female,female,6,1,2,,,,,,,,,,,,,,,,,,,,,,,,,,,,,,,,,,,,,,,,,,,,,,,,,,,,,,,,,,,,,,,,,,,,,,,,,,,,,,,,,,,1,,,,2,,,2,,,,,,,,1,,,,,,,,1,,,,,,,,,,,,2,,,,,,,,,,,,,5,,5,,,,,,,,,,,,,,,5,,,,,,,,,,,,5,,,,,,,,,,,,7,55,0,2,5,4,1,
3/30/23 14:50,3/30/23 15:04,100,844,R_3iEDnGZJ0Z3QlTW,1,2,54,Male,male,6,1,2,,,,,,,,,,,,,,,,,,,,,,,,,,,,,,,,,,,,,,,,,,,,,,,,,,,,,,,,,,,,,,,,,,,,,,,,,,,,,,,,,,,1,,,,,1,,,,,,1,,,,,1,,,1,,,,,,,,,,5,,,,,,,,,,,5,,,,,,,,,,5,,,,,,,,,,,,,,,,5,,,,,,,,,,,,,4,,,,,,,,,,7,70,0,2,5,2,1,
3/30/23 14:47,3/30/23 15:04,100,1014,R_3hGYk19dASLntvo,1,2,46,Female,female,4,1,2,,,,,,,,,,,,,,,,,,,,,,,,,,,,,,,,,,,,,,,,,,,,,,,,,,,,,,,,,,,,,,,,,,,,,,,,,,,,,,,,,,1,,,2,,,,,,,,2,,,1,,,,,3,,,,,,5,,,,,,,,,,,,,,,,,,,,,,,5,,,,5,,,,,,,,,,,,,,,,,,,,,,,,5,,,5,,,,,,,,,,,5,81,5,4,6,2,1,
3/30/23 14:55,3/30/23 15:04,100,511,R_2fw99P37UaY6kwt,1,2,48,female,female,3,2,1,,,,,1,,,,5,,,,,,1,,1,,,,,,,,1,,,,5,,,,,,,,,,,,,,,,1,,,,,,5,,,,,,,2,,,,,,,,,,,,,,,,,,5,,,,,,,,,,,,,,,,,,,,,,,,,,,,,,,,,,,,,,,,,,,,,,,,,,,,,,,,,,,,,,,,,,,,,,,,,,,,,,,,,,,,,,,,,,,,,,,,4,30,80,1,4,7,1,
3/30/23 14:59,3/30/23 15:04,100,300,R_3fOuixjNGJphUjj,1,2,60,female,female,6,2,1,,,,,,,,,,,,,,,,,,,,,,,,,,,,,,,,,,,,,,,,,,,,,,,,,,,,,,,,,,,,,,,,,,,,,,,,,,,,,,,,1,,,,,,2,,,,,,,,3,,,,,,1,,,,,,4,,,,,,,,5,,,,,,,,,,,,,,5,,,,,,,5,,,,,,,,,,,5,,,,,,,,,,,,,,,,,,,,,,,,5,,7,100,1,3,5,7,1,
3/30/23 14:59,3/30/23 15:04,100,296,R_1jBu9N9iQjwhC3V,1,2,56,male,male,4,2,1,,,,,,,,,,,,,,,,,,,,,,,,,,,,,,,,,,,,,,,,,,,,,,,,,,,,,,,,,,,,,,,,,,,,,,,,,,,,,,,1,,,,,,,,,1,,,,,,1,,,,1,,,,,,,,3,,4,,,,,,,,,,,,,,,,,4,,,,,,,,,5,,,,,,,,,,,,5,,,,,,,,,,,,,,,,,,,,,5,,,,,4,89,1,2,6,4,1,
3/30/23 14:56,3/30/23 15:04,100,482,R_2Xj7RSdttgjJV7y,1,2,54,Woman,female,5,1,2,,,,,,,,,,,,,,,,,,,,,,,,,,,,,,,,,,,,,,,,,,,,,,,,,,,,,,,,,,,,,,,,,,,,,,,,,,,,,,,,3,,,,,,,,3,,3,,,,,,,,3,,,1,,,,,,,,,,,2,,,,,,,,,4,,,,,,,,,,,,,,,,,,,,,,,,5,,,,,,,,,,,,,5,,,,,,,,,,,,,5,6,78,25,3,4,5,1,
3/30/23 14:44,3/30/23 15:04,100,1207,R_Q65JfQSMRS0GigF,1,2,24,man,male,6,1,1,,,,,,,,,,,,,,,,,,,,,,,,,,,,,,,,,,,,,,,,,,,,,,,,,,,,,,,,,,,,,,,,,,,,,,,,,,,,,,,3,,,,,,,4,,,,,,,,2,,,2,,,,,,,,3,,,,3,,,,,,,,,,,,,,,,,,,,,3,,,,,,,,,,,,3,,,,,3,,,,,,,,,,,,,,,,,,,,3,,,,,7,10,0,3,7,,1,
3/30/23 15:00,3/30/23 15:04,100,280,R_2P6dHl6meP5AjNV,1,2,23,male,male,6,1,1,,,,,,,,,,,,,,,,,,,,,,,,,,,,,,,,,,,,,,,,,,,,,,,,,,,,,,,,,,,,,,,,,,,,,,,,,,,,,,,,,,2,,,3,,,,,,,1,,,,,,3,,,,,,2,,,,,5,,,,,,,,,,,,,,,,,4,,,,,,,,,5,,,,,,,,,,,,,,,,,,4,,,,,,4,,,,,,,,,,,,,7,82,0,2,6,2,1,
3/30/23 15:01,3/30/23 15:04,100,194,R_1Fb8VUt7MyVc5VU,1,2,34,male,male,5,1,2,,,,,,,,,,,,,,,,,,,,,,,,,,,,,,,,,,,,,,,,,,,,,,,,,,,,,,,,,,,,,,,,,,,,,,,,,,,,,,,,,,,1,,,,1,,,,,4,,,,,,,,2,,,,,3,,,,,,,,,,,,,2,,,,,,,,,1,,,,,,,,,3,,,,,,,,,,,,,,3,,,,,,,,,,,1,,,,,,,,,,,5,80,30,2,5,7,1,
3/30/23 14:59,3/30/23 15:05,100,369,R_3MSumILQ2kB4Fhk,1,2,72,Male,male,4,1,2,,,,,,,,,,,,,,,,,,,,,,,,,,,,,,,,,,,,,,,,,,,,,,,,,,,,,,,,,,,,,,,,,,,,,,,,,,,,,,,1,,,,,,1,,,,,,,2,,,,,,,1,,,,1,,,,,,,,,,,,,,5,,,,,,,,,,,5,,,,,,,,,,,,,,,,5,,,5,,,,,,,,,,,,,,,,,,,,,,,,5,6,60,10,2,4,6,1,I guess you couldn't find Republicans doing anything but be completely dismissive of Democrats?
3/30/23 14:56,3/30/23 15:05,100,501,R_3J1U6fGnmKpenaM,1,2,29,Male,male,3,1,2,,1,,,,,,2,,,,,3,,,,,,1,,,,,,3,,,,,,,5,,,,,,5,,,,,,,,,,,,,,,,,,5,,,4,,,,,,,,,,,5,,,,,,,,,,,,,,,,,,,,,,,,,,,,,,,,,,,,,,,,,,,,,,,,,,,,,,,,,,,,,,,,,,,,,,,,,,,,,,,,,,,,,,,,,,,,,,,,,,,,,,3,12,48,1,4,7,1,Great survey!
3/30/23 14:56,3/30/23 15:05,100,538,R_2OURDOrf8KGhgNN,1,2,61,female,female,4,1,1,,,,,,,,,,,,,,,,,,,,,,,,,,,,,,,,,,,,,,,,,,,,,,,,,,,,,,,,,,,,,,,,,,,,,,,,,,,,,,,,,,,,3,,3,,,,,,,,3,,,2,,,,2,,,,,,,,,,2,,,,,,,,,,,2,,,,,,,,,,,,,,,,,3,,,,,,,,,,,,,,,,,3,,,,,,,,,,,2,,,,,5,67,15,3,5,4,1,"The race, class fight is getting worse."
3/30/23 14:58,3/30/23 15:05,100,397,R_2CWlSkna4MdKX8k,1,2,59,mail,male,2,1,1,,,,1,,,1,,,,,,,1,,,1,,,,,,,2,,,,5,,,,,,,,,,,,,,5,,,,,,,5,,,,,,,,,,,,,,,,,5,,,,,,,,5,,,,,,,,,,,,,,,,,,,,,,,,,,,,,,,,,,,,,,,,,,,,,,,,,,,,,,,,,,,,,,,,,,,,,,,,,,,,,,,,,,,,,,,,,,,,,,,,,,4,44,47,2,5,7,1,
3/30/23 14:52,3/30/23 15:05,100,817,R_SZyUhbVvWzI4kZH,1,2,44,Female,female,5,2,1,,,,,,,,,,,,,,,,,,,,,,,,,,,,,,,,,,,,,,,,,,,,,,,,,,,,,,,,,,,,,,,,,,,,,,,,,,,,,,,3,,,,,,,,2,,,3,,,,,,1,,,,,3,,,,,,,,,,,,,5,,,,,,,,,,,,5,,,,,,,,,,,,,,,,,,,5,,,,,,,,,,5,,,,,,,,,,,,,5,,,,7,71,0,3,7,5,1,
3/30/23 15:00,3/30/23 15:05,100,317,R_2xDHgKyLSL1L8Hv,1,2,36,male,male,4,2,1,,,,,,,,,,,,,,,,,,,,,,,,,,,,,,,,,,,,,,,,,,,,,,,,,,,,,,,,,,,,,,,,,,,,,,,,,,,,,,,,,,,1,,,,,,1,,2,,,,,,,,1,,4,,,,,,,,,,,,,,,,4,,,,,,,,,,5,,,,,,,,,,,,,,5,,,,,,,,,,,,,,,,5,,,,,,,,,,,4,,,,5,59,41,5,5,7,1,
3/30/23 15:03,3/30/23 15:05,100,142,R_233T3YtrTUAPjR4,1,2,24,male,male,1,1,2,,,,,1,,,,,5,,,,,1,1,,,,,,1,,,,,,,,,,,,1,,,,,,,,5,,,,,,,,,,,5,,,,,,,,,,5,,,,,,1,,,,,,,,,,,,,,,,,,,,,,,,,,,,,,,,,,,,,,,,,,,,,,,,,,,,,,,,,,,,,,,,,,,,,,,,,,,,,,,,,,,,,,,,,,,,,,,,,,,,,,,1,0,40,7,7,7,1,
3/30/23 15:01,3/30/23 15:06,100,266,R_3qVDVQrmYJvjEtr,1,2,44,Female,female,3,1,1,1,,,,,1,,,,,,,,1,,,,1,,,,,2,,,,,,,3,,,,,,,,,,,,,,,5,,,,,4,,,,,,,,,,,5,,,,,,,,,,,5,,,,,,,,,,,,,,,,,,,,,,,,,,,,,,,,,,,,,,,,,,,,,,,,,,,,,,,,,,,,,,,,,,,,,,,,,,,,,,,,,,,,,,,,,,,,,,,,,,,,4,55,60,2,2,7,1,
3/30/23 14:48,3/30/23 15:06,100,1030,R_29tsD1aqNmVhgsY,1,2,25,Male,male,5,1,1,,,,,,,,,,,,,,,,,,,,,,,,,,,,,,,,,,,,,,,,,,,,,,,,,,,,,,,,,,,,,,,,,,,,,,,,,,,,,,,,,,,1,,,,2,,,,1,,,,,,,,1,,,,,1,,,,5,,,,,,,,,,,,5,,,,,,,,,,,,,,,5,,,,,,,,,,,,,,,,,,,,,,4,,,,,,,,,4,,,,,,6,76,37,2,1,7,1,
3/30/23 14:44,3/30/23 15:06,100,1306,R_2WVddixtaz1fJX1,1,2,76,female,female,6,2,1,,,,,,,,,,,,,,,,,,,,,,,,,,,,,,,,,,,,,,,,,,,,,,,,,,,,,,,,,,,,,,,,,,,,,,,,,,,,,,,,,,1,,,,,,1,,,,,,1,,,,1,,,,2,,,,,,,5,,,,,,,,,,,,,,,,5,,,,,,,,,,,,,,,,,5,,,,,,,,,3,,,,,,,,,,,,,,,5,,,,,,6,93,76,1,4,6,1,
3/30/23 14:58,3/30/23 15:06,100,485,R_ezHdOfkY7jUl6xP,1,2,40,female,female,4,1,2,,,,,,,,,,,,,,,,,,,,,,,,,,,,,,,,,,,,,,,,,,,,,,,,,,,,,,,,,,,,,,,,,,,,,,,,,,,,,,,,,2,,,,,,4,,,,,,,4,,2,,,,,,,3,,,,,,,,,,4,,,,,,,,,,,,,,,,,5,,,,,,,,,,3,,,,,,,,,,,,,5,,,,,,,4,,,,,,,,,,,,4,59,38,4,4,5,1,
3/30/23 14:58,3/30/23 15:06,100,507,R_3fpiYnvyt7GzeNV,1,2,25,F,female,5,1,1,,,,,,,,,,,,,,,,,,,,,,,,,,,,,,,,,,,,,,,,,,,,,,,,,,,,,,,,,,,,,,,,,,,,,,,,,,,,,,,,,,1,,,,1,,,,,,,,1,,2,,,,,,,,,,1,,,,,,,,,5,,,,,,,,,,,4,,,,,,,,,,,,,,,,,4,,,,5,,,,,,,,,,,,,,4,,,,,,,,,,,7,70,10,5,6,5,1,
3/30/23 14:58,3/30/23 15:06,100,514,R_1DIn7cUJPi8Kjk3,1,2,66,Male,male,5,2,1,,,,,,,,,,,,,,,,,,,,,,,,,,,,,,,,,,,,,,,,,,,,,,,,,,,,,,,,,,,,,,,,,,,,,,,,,,,,,,,,,,,,4,,,,2,,,,2,,,,,5,,,,,2,,,,,,,,5,,,,,,,,,,,,,,,,,,,,,5,,,,5,,,,,,,,,,,,,,,,,,,5,,,,,,,,,5,,,,,,,,,5,61,0,2,5,1,1,I had more respect for Republicans before they tried to overthrow democracy
3/30/23 14:59,3/30/23 15:06,100,443,R_21yP9bWVi2LG6Ta,1,2,51,Male,male,4,1,1,,,,,,,,,,,,,,,,,,,,,,,,,,,,,,,,,,,,,,,,,,,,,,,,,,,,,,,,,,,,,,,,,,,,,,,,,,,,,,,,,,,,3,,,,,3,,,3,,,,,,,2,,,,3,,,,,,,5,,,,,,,,,,,,,5,,,,,,,,,,5,,,,,,,,,,,,,,,,,,,5,,,,,,,,,,5,,,,,,,,,,4,50,50,2,4,6,1,Have a blessed day.
3/30/23 15:03,3/30/23 15:06,100,195,R_1q2OexzyWgViHjm,1,2,40,Male,male,4,1,1,,,,,,,,,,,,,,,,,,,,,,,,,,,,,,,,,,,,,,,,,,,,,,,,,,,,,,,,,,,,,,,,,,,,,,,,,,,,,,,1,,,,,,,1,,,,,,,,1,,,3,,,,,,3,,,,,,,,,,5,,,,,,,,,,,,5,,,,,,,,,,,5,,,,,,,,,,5,,,,,,,,,,,,,,,,,,,,5,,,,,,5,41,1,4,6,6,1,
3/30/23 15:01,3/30/23 15:07,100,313,R_1I7bJoTykyQFIvj,1,2,31,MAle,male,4,1,2,,,,,,,,,,,,,,,,,,,,,,,,,,,,,,,,,,,,,,,,,,,,,,,,,,,,,,,,,,,,,,,,,,,,,,,,,,,,,,,,,3,,,,,,2,,,,,2,,,,,,1,,,,,,3,,,,,,,,,,,4,,,,,,,5,,,,,,,,,,,,,,,,,,5,,,,,,,,,3,,,,,,,,,,,,,,,,,,5,,,,,5,60,50,5,1,1,1,This was a good survey
3/30/23 15:05,3/30/23 15:07,100,104,R_3RfjM8OgOJV6i4H,1,2,21,female,female,3,2,1,,,3,,,,,,3,,3,,,,,,,,,3,,,,3,,3,,,,,,,,,,,,,,,,,,,,3,,,,3,,,,,,,,,,,,,,3,,,,3,,,,,,,,,,,,,,,,,,,,,,,,,,,,,,,,,,,,,,,,,,,,,,,,,,,,,,,,,,,,,,,,,,,,,,,,,,,,,,,,,,,,,,,,,,,,,,,,,,,,,,,,3,50,50,4,4,4,1,
3/30/23 14:57,3/30/23 15:07,100,563,R_9AISeY6D1M8ZpUR,1,2,55,Female,female,6,1,1,,,,,,,,,,,,,,,,,,,,,,,,,,,,,,,,,,,,,,,,,,,,,,,,,,,,,,,,,,,,,,,,,,,,,,,,,,,,,,,,,,,1,,2,,,,,,,,3,,,3,,,,,,,,,1,,,5,,,,,,,,,,,,,,5,,,,,,,,,,,,,,,5,,,,,,,,,,,,,,5,,,,,,,,,,,,,,5,,,,,,,6,80,2,3,7,5,1,
3/30/23 14:53,3/30/23 15:07,100,804,R_tSTtHFrcx9JtAwF,1,2,48,Female,female,4,1,1,,,,,,,,,,,,,,,,,,,,,,,,,,,,,,,,,,,,,,,,,,,,,,,,,,,,,,,,,,,,,,,,,,,,,,,,,,,,,,,,4,,,,,,5,,,,,,,1,,,,,,3,,,,,,3,,,,,,,5,,,,,,,,5,,,,,,,,,,,,,,,,,,,,5,,,,,,,,,,5,,,,,,,,,,,,,,,,,,,5,,,4,61,1,1,4,6,1,
3/30/23 15:00,3/30/23 15:07,100,455,R_2VDx1HZVuAokvLX,1,2,29,Male,male,3,1,1,,,,3,,,3,,,,,1,,,,,,,,2,,,3,,,,,,,,,,,,5,,5,,,,,,,,,,,,,,,4,,,,,,,,5,,,,,,,,,,,,,,,,,,5,,,,,,,,,,,,,,,,,,,,,,,,,,,,,,,,,,,,,,,,,,,,,,,,,,,,,,,,,,,,,,,,,,,,,,,,,,,,,,,,,,,,,,,,,,,,,,1,0,10,6,5,3,1,
3/30/23 15:03,3/30/23 15:07,100,232,R_2R52cRa5YYMeRZm,1,2,30,Female,female,4,1,2,,,,,,,,,,,,,,,,,,,,,,,,,,,,,,,,,,,,,,,,,,,,,,,,,,,,,,,,,,,,,,,,,,,,,,,,,,,,,,,,1,,,,,,,,,1,,,,2,,,,,,,1,,1,,,,,,,,,,,,,,,,5,,,5,,,,,,,,,,,,,,,,,5,,,,,,,,,,,,,,,,,,5,,,,4,,,,,,,,,,,,5,50,50,3,4,4,1,N/a
3/30/23 15:04,3/30/23 15:07,100,224,R_22XowFguwVA4X7d,1,2,19,female,female,5,2,1,,,,,,,,,,,,,,,,,,,,,,,,,,,,,,,,,,,,,,,,,,,,,,,,,,,,,,,,,,,,,,,,,,,,,,,,,,,,,,,,,,,4,,,,,1,,2,,,,,,3,,,,,3,,,,,,,,2,,,,,,,,,,,,,,,,,,,2,,,,,2,,,,,,,,,,,,,,,2,,,,,,,,,,,,,,,,,1,,,,,,,6,81,40,4,4,5,1,
3/30/23 14:51,3/30/23 15:08,100,967,R_2zAdjfvVS5MbYA3,1,2,41,Female,female,6,1,1,,,,,,,,,,,,,,,,,,,,,,,,,,,,,,,,,,,,,,,,,,,,,,,,,,,,,,,,,,,,,,,,,,,,,,,,,,,,,,,,,1,,,,,,2,,,,,,,1,,2,,,,,1,,,,,,,,,,,,,,,,,,5,,,,,,,,,,4,,,,,,,5,,,,,,,,,,,,,,,,,,,,5,,,5,,,,,,,,,,,,,7,80,5,2,4,5,1,
3/30/23 15:04,3/30/23 15:08,100,220,R_2QXadj3qYRUM8PY,1,2,38,Male,male,6,1,1,,,,,,,,,,,,,,,,,,,,,,,,,,,,,,,,,,,,,,,,,,,,,,,,,,,,,,,,,,,,,,,,,,,,,,,,,,,,,,,,,,,,2,1,,,,,,2,,,,,,,,2,,,1,,,,,,,,,5,,,,,,,,,,,,,,,,,,,,5,,,,,,,,,,,,4,,,,,,,,5,,,,,,,,5,,,,,,,,,,,,,7,1,1,3,2,2,1,
3/30/23 15:03,3/30/23 15:08,100,278,R_6hwpmPuxd54RMJz,1,2,32,male,male,5,1,1,,,,,,,,,,,,,,,,,,,,,,,,,,,,,,,,,,,,,,,,,,,,,,,,,,,,,,,,,,,,,,,,,,,,,,,,,,,,,,,,,,,,2,,,2,,,,,2,,,,3,,,,,,,,,,1,,,,,,,,,,,,,4,,,,,,,,,,,5,,,,,,,,,,,5,,,,,,,,,,,,,5,,,,,,,,4,,,,,,,,,,6,70,5,5,6,5,1,
3/30/23 15:02,3/30/23 15:08,100,383,R_3Odeur5N5m3airG,1,2,62,male,male,3,1,1,2,,,,,,,,,2,1,,,,,4,,,,,,,4,,,,,,,,,,4,,,,,,,,,,,5,,,,,,,,,,,5,,,4,,,,,,,,,,,,,,,,,4,,,,,,,,,,,,,,,,,,,,,,,,,,,,,,,,,,,,,,,,,,,,,,,,,,,,,,,,,,,,,,,,,,,,,,,,,,,,,,,,,,,,,,,,,,,,,,,,,4,44,97,3,6,3,1,
3/30/23 14:58,3/30/23 15:09,100,615,R_3Gxl69fJ7UeEXlr,1,2,64,Male,male,3,1,2,,,,,2,2,,,,,,,1,,,,,,2,,,2,,,,,,,,,,,,,,5,,,,5,,,,,,,,,,,,,,5,,,,,,4,,,,,,,,,,,,,,5,,,,,,,,,,,,,,,,,,,,,,,,,,,,,,,,,,,,,,,,,,,,,,,,,,,,,,,,,,,,,,,,,,,,,,,,,,,,,,,,,,,,,,,,,,,,,,,,,,3,43,43,4,3,6,1,
3/30/23 15:03,3/30/23 15:09,100,358,R_1jvQuGwibDEVqjx,1,2,45,female,female,3,1,1,,2,,,,1,,,,,,,,1,,,,5,,,1,,,,,,4,,,,,,,,,,,,,,,,5,,,,,,,,,,,,5,,,,,,,,,,,,5,,,,,,,,,,,5,,,,,,,,,,,,,,,,,,,,,,,,,,,,,,,,,,,,,,,,,,,,,,,,,,,,,,,,,,,,,,,,,,,,,,,,,,,,,,,,,,,,,,,,,,,,,,6,61,71,2,2,7,1,
3/30/23 14:53,3/30/23 15:09,100,933,R_2QxhLBTNIbydHWz,1,2,58,Female,female,6,1,2,,,,,,,,,,,,,,,,,,,,,,,,,,,,,,,,,,,,,,,,,,,,,,,,,,,,,,,,,,,,,,,,,,,,,,,,,,,,,,,3,,,,,,,,,3,,,,,,4,,,,5,,,,,3,,,,,,5,,,,,,,,,,,,,,,,5,,,,,,,,,,,,,5,,,,,,,,,,,,,,5,,,,,,,,,,,,5,,,,,,,,7,100,10,6,7,1,1,
3/30/23 15:02,3/30/23 15:09,100,449,R_2atPGXR9qGa2kKF,1,2,32,male ,male,2,1,1,,3,,,,,3,,,,,,,,2,,2,,,,2,,,,,,,,,4,,,,,,,,,,,2,,,,,,,,3,,,,,,,,,,,,,,,,3,,,,,,4,,,,,,,,,,,,,,,,,,,,,,,,,,,,,,,,,,,,,,,,,,,,,,,,,,,,,,,,,,,,,,,,,,,,,,,,,,,,,,,,,,,,,,,,,,,,,,,,,,,,,4,4,69,4,4,5,1,good survey 
3/30/23 15:04,3/30/23 15:09,100,329,R_1CJdMViN5I6Gh2e,1,2,22,male,male,2,2,1,,,,2,,,,2,,,,,,,1,,1,,,,,,3,,,,,,,,4,,,,,,4,,,,,,,,,,,,,,,,,,,,4,,2,,,,,,,,,,4,,,,,,,,,,,,,,,,,,,,,,,,,,,,,,,,,,,,,,,,,,,,,,,,,,,,,,,,,,,,,,,,,,,,,,,,,,,,,,,,,,,,,,,,,,,,,,,,,,,,,,,3,47,53,5,4,5,1,none
3/30/23 15:01,3/30/23 15:09,100,508,R_2uriA4T6YcbDDM3,1,2,49,Female,female,5,1,1,,,,,,,,,,,,,,,,,,,,,,,,,,,,,,,,,,,,,,,,,,,,,,,,,,,,,,,,,,,,,,,,,,,,,,,,,,,,,,,,1,,,,,,,,3,,,,,,2,,2,,,,,,,,1,,,,,,,,,,,,4,,,,3,,,,,,,,,,,,,,,,,5,,,,,,,,,,,,,,,,,,5,,,,,,,,,,,,,,,5,,6,82,11,4,7,7,1,
3/30/23 14:57,3/30/23 15:10,100,752,R_2D6rb2uHcSJu277,1,2,39,Male,male,6,1,1,,,,,,,,,,,,,,,,,,,,,,,,,,,,,,,,,,,,,,,,,,,,,,,,,,,,,,,,,,,,,,,,,,,,,,,,,,,,,,,,,,,,1,,,2,,,,,2,,,,,,,,1,,,,,1,,5,,,,,,,,,,,,,,,,,5,,,,,,,,,,,,,,,,,,5,,,,,,,5,,,,,,,,,,,,,,,5,,,,,,,,7,55,0,2,7,1,1,
3/30/23 14:58,3/30/23 15:10,100,729,R_3oXVzsBQ31Ze9eP,1,2,50,female,female,6,1,2,,,,,,,,,,,,,,,,,,,,,,,,,,,,,,,,,,,,,,,,,,,,,,,,,,,,,,,,,,,,,,,,,,,,,,,,,,,,,,,,,1,,,,,,2,,,,,,,,1,,,1,,,2,,,,,,5,,,,,,,,,,,,,,,,,,,,,,,,,5,,,,,,,,,,5,,,,,,,,,,,,,,5,,,,,,,,,,,,,5,,,6,76,50,2,6,5,1,
3/30/23 15:03,3/30/23 15:10,100,393,R_3rSqLsgf38KhcSp,1,2,35,Male,male,5,1,1,,,,,,,,,,,,,,,,,,,,,,,,,,,,,,,,,,,,,,,,,,,,,,,,,,,,,,,,,,,,,,,,,,,,,,,,,,,,,,,,,,1,,,,3,,,,,,1,,,,,,1,,,3,,,,,,,,,,,,,4,,,,,,,,,,,,,,,,,,5,,,,,,,4,,,,,,,,,,,,,,3,,,,,,,,,,5,,,,,,,,,6,70,0,4,5,2,1,Using the terms positive and dismissive seems odd. It should be positive and negative because dismissive doesn't immediately come across as feeling against the other party. 
3/30/23 15:00,3/30/23 15:10,100,592,R_6g3hpO3xXiXnp4J,1,2,54,F,female,3,1,1,1,,,,,,,,3,,,3,,,,,,,2,,,,,1,,,,,,,5,,,,,,,5,,,,,,,,,,5,,,,,,,,,,,,,,,,,,,5,,,,,,5,,,,,,,,,,,,,,,,,,,,,,,,,,,,,,,,,,,,,,,,,,,,,,,,,,,,,,,,,,,,,,,,,,,,,,,,,,,,,,,,,,,,,,,,,,,,,,,,,,,5,81,5,5,1,6,1,"I think Twitter attracts people who enjoy stirring up division but don't have a platform in ""real life"" to spout opinions."
3/30/23 14:55,3/30/23 15:10,100,943,R_2TC3kane1uH4aWR,1,2,28,Male,male,3,1,1,,,4,,,,,,,1,,1,,,,,,2,,,1,,,,,,4,,,,,,,,,,,,4,,,,,,,,,,,,,,,,,,4,,,,,,,,,,5,,,,,,,,3,,,,,,,,,,,,,,,,,,,,,,,,,,,,,,,,,,,,,,,,,,,,,,,,,,,,,,,,,,,,,,,,,,,,,,,,,,,,,,,,,,,,,,,,,,,,,,,,,4,51,53,7,7,5,1,"No, thank you. 😊😊😊😊😊😊"
3/30/23 15:06,3/30/23 15:10,100,249,R_bOPXc0OIRwbYvVD,1,2,20,Male,male,2,1,1,,,4,,,4,,,,,,,1,,,2,,,,,,,,,2,,,,,,,,,,,3,,,5,,,,,,,,,,,,,,,5,,,,,,,,4,,,,,,,,,,,5,,,,,,,,,,,,,,,,,,,,,,,,,,,,,,,,,,,,,,,,,,,,,,,,,,,,,,,,,,,,,,,,,,,,,,,,,,,,,,,,,,,,,,,,,,,,,,,,,,,2,35,60,3,5,6,1,
3/30/23 15:03,3/30/23 15:11,100,440,R_1I3DPND4BHo8rAc,1,2,42,female,female,4,2,1,,,,,,,,,,,,,,,,,,,,,,,,,,,,,,,,,,,,,,,,,,,,,,,,,,,,,,,,,,,,,,,,,,,,,,,,,,,,,,,2,,,,,,1,,,,,3,,,,,,,1,,,,,1,,,,,,,,,,,,,,5,,,,,,,,5,,,,,,,,,,,,,,,,,,,,5,,,,,,,,,,,,,5,,,,,,,5,,,,,,,,5,50,30,1,2,5,1,
3/30/23 15:05,3/30/23 15:12,100,444,R_BPaAUS3PyTzO8nf,1,2,65,male,male,6,2,1,,,,,,,,,,,,,,,,,,,,,,,,,,,,,,,,,,,,,,,,,,,,,,,,,,,,,,,,,,,,,,,,,,,,,,,,,,,,,,,,,2,,,,,,,1,,,,,,1,,,,,1,,,,,,1,,,,,,,,,1,,,,,,,,,,,,,,,,5,,,,1,,,,,,,,,,,,,,,,,,,,,,,,5,,,,,,,,5,,,,,,7,100,0,3,6,6,1,I'm not sure I agree with the answer choices about being dismissive.  Clearly the opinions of some of the tweets were strongly against the horrible Republican policies and lies.  
3/30/23 15:07,3/30/23 15:12,100,341,R_2Xgl1yHhWinePoK,1,2,56,Female,female,1,2,1,,1,,,,,,,1,,,,,1,,,,,,2,,1,,,,,,5,,,,,,,,,,,,,,,,5,,,,,,,,,,,,5,,,,,,,5,,,,,,,,,5,,,,,,,,,,,,,,,,,,,,,,,,,,,,,,,,,,,,,,,,,,,,,,,,,,,,,,,,,,,,,,,,,,,,,,,,,,,,,,,,,,,,,,,,,,,,,,,,,,,,2,0,60,1,5,2,1,
3/30/23 15:06,3/30/23 15:13,100,391,R_22Kspb3Jd6WCa3f,1,2,40,Male,male,2,1,2,,,,1,,,,1,,,,1,,,,,,2,,,1,,,,,,,,4,,,,,,,,,,,5,,,,,,,,,,,,4,,,,,,,,5,,,,,,,,,,,,,,,,4,,,,,,,,,,,,,,,,,,,,,,,,,,,,,,,,,,,,,,,,,,,,,,,,,,,,,,,,,,,,,,,,,,,,,,,,,,,,,,,,,,,,,,,,,,,,,,,,2,58,91,5,6,6,1,
3/30/23 15:04,3/30/23 15:13,100,552,R_2AKFAM3YTt7EIgl,1,2,38,female ,male,4,1,2,,,,,,,,,,,,,,,,,,,,,,,,,,,,,,,,,,,,,,,,,,,,,,,,,,,,,,,,,,,,,,,,,,,,,,,,,,,,,,,,,,2,,,,3,,,,,,,3,,,1,,,,,,,3,,,,,,,,,5,,,,,,,,,,5,,,,,,,,,,,5,,,,,,,,,,,,,,,,,,,,5,,,,,,,,,,,,,,,,,,2,4,80,51,5,5,5,1,nice study 
3/30/23 15:09,3/30/23 15:13,100,231,R_3oRqH456tYULNcC,1,2,31,Male,male,3,1,1,,,,,1,,,,,1,,,1,,,,,,1,,,,,1,,,,,,,,,,3,,,,,,,,,,,,4,,4,,,,,,,,,,,,,,,,,4,,,,,5,,,,,,,,,,,,,,,,,,,,,,,,,,,,,,,,,,,,,,,,,,,,,,,,,,,,,,,,,,,,,,,,,,,,,,,,,,,,,,,,,,,,,,,,,,,,,,,,,,,,,,4,39,45,5,4,7,1,
3/30/23 15:07,3/30/23 15:13,100,402,R_3Eak4m1NZQwUeqa,1,2,37,female,female,4,1,1,,,,,,,,,,,,,,,,,,,,,,,,,,,,,,,,,,,,,,,,,,,,,,,,,,,,,,,,,,,,,,,,,,,,,,,,,,,,,,,,2,,,,,,,,2,,,,3,,,,,,,3,,,,,,3,,,4,,,,,,,,,,,,,,,,,,5,,,,,,,,,,,,,5,,,,,,,,,,,,,,,,5,,,,,5,,,,,,,,,,,,4,29,41,3,2,6,1,there are bad things about both sides in politics
3/30/23 15:00,3/30/23 15:14,100,814,R_1MLiRzXdNF5Dfmp,1,2,42,M,male,6,1,2,,,,,,,,,,,,,,,,,,,,,,,,,,,,,,,,,,,,,,,,,,,,,,,,,,,,,,,,,,,,,,,,,,,,,,,,,,,,,,,,,2,,,,,,,,1,,,1,,,,,2,,,,,,,1,,,,,,,,,,,,,2,,,,,,,,,5,,,,,,,,,,5,,,,,,,,,,,,,,,,,,,4,,,,,,,,,,,4,,,,,,7,85,15,5,6,7,1,thank you
3/30/23 14:51,3/30/23 15:14,100,1352,R_3rOQz5Fu6kXJ69l,1,2,27,female,female,6,2,1,,,,,,,,,,,,,,,,,,,,,,,,,,,,,,,,,,,,,,,,,,,,,,,,,,,,,,,,,,,,,,,,,,,,,,,,,,,,,,,3,,,,,,,,3,,,2,,,,,,,,,,1,,,1,,,,,,,5,,,,,,,,,,,,,5,,,,,,,,,,,,,,,,,5,,,,,,,,,,,,,,5,,,,,,,,,,,,,5,,,,,7,50,20,2,6,6,1,
3/30/23 14:49,3/30/23 15:14,100,1486,R_1KiJgd7bLKGy2Ms,1,2,32,Male,male,3,1,1,1,,,,,,1,,,,2,,,,,,,,,2,,,,,2,,,,,,,4,,,,,,,,,,5,,,,,,,,,5,,,,,,,,4,,,,,,,,,,,,,,,,,4,,,,,,,,,,,,,,,,,,,,,,,,,,,,,,,,,,,,,,,,,,,,,,,,,,,,,,,,,,,,,,,,,,,,,,,,,,,,,,,,,,,,,,,,,,,,,,,,4,25,43,1,4,3,1,
3/30/23 15:12,3/30/23 15:15,100,192,R_0ilBJWs902Nvbgt,1,2,30,female,female,4,1,1,,,,,,,,,,,,,,,,,,,,,,,,,,,,,,,,,,,,,,,,,,,,,,,,,,,,,,,,,,,,,,,,,,,,,,,,,,,,,,,,,,,2,,,3,,,,,2,,,,,3,,,,,,,,,,4,,,,,,,5,,,,,,,,,,,,,,,5,,,,,,,5,,,,,,,,,,,,,,,,,,,,,,4,,,,,,,,4,,,,,,,4,49,50,2,4,6,1,
3/30/23 15:06,3/30/23 15:15,100,544,R_pRzff5msCkCYbjX,1,2,38,male,male,5,1,1,,,,,,,,,,,,,,,,,,,,,,,,,,,,,,,,,,,,,,,,,,,,,,,,,,,,,,,,,,,,,,,,,,,,,,,,,,,,,,,,,,,2,,1,,,,,,,,,,1,,,1,,,,,,2,,,,,,,,,,,,,,3,,,2,,,,,,,,,,,,,,,,,,,,,,2,,,,,5,,,,,,,,,,,,,,,,,,,,,,4,,6,35,0,2,6,1,1,
3/30/23 15:12,3/30/23 15:16,100,258,R_3EAT3zlZHbvdLNs,1,2,48,Male,male,2,1,2,,,,2,,,4,,,,,,3,,,,,2,,,,,,,1,,,,,,,,,,5,,,3,,,,,,,,,,,,,,,5,,,,,,,,,5,,,,,,5,,,,,,,,,,,,,,,,,,,,,,,,,,,,,,,,,,,,,,,,,,,,,,,,,,,,,,,,,,,,,,,,,,,,,,,,,,,,,,,,,,,,,,,,,,,,,,,,,,,,,,,,3,17,67,5,5,4,1,Thank you.
3/30/23 14:46,3/30/23 15:18,100,1937,R_2V4rEXEhAsl7TOD,1,2,31,female,female,4,1,1,,,,,,,,,,,,,,,,,,,,,,,,,,,,,,,,,,,,,,,,,,,,,,,,,,,,,,,,,,,,,,,,,,,,,,,,,,,,,,,,,2,,,,,1,,,,,,3,,,,4,,,,,,,,1,,,,,,,,,,,,,,,5,5,,,,,,,,,,,,,,5,,,,,,,,,,,,,,,,5,,,,,,,,,,,,,,,,,,,,,5,4,50,50,1,1,4,1,
3/30/23 15:13,3/30/23 15:20,100,382,R_111PbrJF0rFsSZA,1,2,26,male,male,2,1,1,,,3,,,3,,,,,3,,,,,,,,,2,,1,,,,,,,,,5,,,,,,,,5,,,,,,,,,,5,,,,,,,,,,,,,5,,,,,,,,,,,,,5,,,,,,,,,,,,,,,,,,,,,,,,,,,,,,,,,,,,,,,,,,,,,,,,,,,,,,,,,,,,,,,,,,,,,,,,,,,,,,,,,,,,,,,,,,,,,,,,,3,10,20,5,3,3,1,
3/30/23 14:55,3/30/23 15:20,100,1485,R_3KUshH8a2g2jK1V,1,2,35,female,female,6,1,2,,,,,,,,,,,,,,,,,,,,,,,,,,,,,,,,,,,,,,,,,,,,,,,,,,,,,,,,,,,,,,,,,,,,,,,,,,,,,,,,1,,,,,,,1,,,,,,2,,,,,,,3,,,,2,,,,,,,4,,,,,,,,,,,,,,,,5,,,,,,,,,,,,,,,,,5,,,,,,,,,,,,5,,,,,,5,,,,,,,,,,6,100,30,2,7,7,1,
3/30/23 15:13,3/30/23 15:21,100,454,R_reyjgJkJ3dcWeE9,1,2,23,male,male,3,1,1,,,,,4,,,,2,,,3,,,,,4,,,,,,2,,,,,,,,,,2,,,,,,,,,,,,1,,3,,,,,,,,,,,,,,,,,,,3,,,3,,,,,,,,,,,,,,,,,,,,,,,,,,,,,,,,,,,,,,,,,,,,,,,,,,,,,,,,,,,,,,,,,,,,,,,,,,,,,,,,,,,,,,,,,,,,,,,,,,,,,,,3,39,51,1,1,5,1,
3/30/23 14:54,3/30/23 15:21,100,1626,R_1In1xcJjIjEy1QI,1,2,33,woman,female,6,1,2,,,,,,,,,,,,,,,,,,,,,,,,,,,,,,,,,,,,,,,,,,,,,,,,,,,,,,,,,,,,,,,,,,,,,,,,,,,,,,,,,,1,,,,,,,1,,,,2,,,,,,,1,,,,,1,,,,,,,,,,,,,,5,,,,,,,,,,3,,,,,,,,5,,,,,,,,,,,,,,5,,,,,,,,5,,,,,,,,,,,,,6,95,0,3,7,5,1,
3/30/23 15:14,3/30/23 15:21,100,425,R_2ccETIpe50ai8b4,1,2,60,Female,female,3,2,2,3,,,,,,,,,3,,,,3,,3,,,,,3,,,,,,5,,,,,,,,,,5,,,,,,,,,,,,,,,5,,,,,,5,,,,,,,,,,,,,,,5,,,,,,,,,,,,,,,,,,,,,,,,,,,,,,,,,,,,,,,,,,,,,,,,,,,,,,,,,,,,,,,,,,,,,,,,,,,,,,,,,,,,,,,,,,,,,,,,,,,4,0,20,1,4,1,1,I prefer that the Republicans in Congress speak out strongly against the policies that Democrats have been championing that would undermine the interests of the American people and destroy this country.  We do not need bipartisanship -we need strong voices who will speak out for the best interests of this country.
3/30/23 15:16,3/30/23 15:22,100,340,R_3CJH5M3HSzej6eC,1,2,31,female,female,2,2,1,,3,,,,,,3,,,,,,,2,1,,,,,,,3,,,,,,,3,,,,,,,,,,5,,,,,,,,,,,,,,4,,,,,,,,,,5,,,,,,,,,,,,,,5,,,,,,,,,,,,,,,,,,,,,,,,,,,,,,,,,,,,,,,,,,,,,,,,,,,,,,,,,,,,,,,,,,,,,,,,,,,,,,,,,,,,,,,,,,,,,,2,30,46,3,5,5,1,
3/30/23 15:05,3/30/23 15:22,100,1005,R_3oUhpP74mucjNfr,1,2,60,f,female,4,1,1,,,,,,,,,,,,,,,,,,,,,,,,,,,,,,,,,,,,,,,,,,,,,,,,,,,,,,,,,,,,,,,,,,,,,,,,,,,,,,,1,,,,,,,3,,,,,,2,,,,,2,,,,,,,,,5,,,,,,,,,5,,,,,,,,3,,,,,,,,,,,,,,,,,,,,,,5,,,,2,,,,,,,,,,,,,,,,,,,,1,,,4,50,49,7,1,4,1,The scale hardly moved while taking the test.
3/30/23 15:15,3/30/23 15:22,100,447,R_OmaNwb88a2XIKpH,1,2,34,female,female,3,1,1,,,,,2,,,1,,,1,,,,,,,2,,,,,,1,,,,4,,,,,,,,,,,,,,,4,,,,,4,,,,,,,,,,,,,5,,,,,,,,,,,,,,,,4,,,,,,,,,,,,,,,,,,,,,,,,,,,,,,,,,,,,,,,,,,,,,,,,,,,,,,,,,,,,,,,,,,,,,,,,,,,,,,,,,,,,,,,,,,,,,,,3,36,50,2,6,2,1,
3/30/23 15:18,3/30/23 15:22,100,229,R_XHUgFRlazN6o9xv,1,2,40,Male,male,1,1,2,,,2,,,,,,,2,,2,,,,,,,,2,,3,,,,,,,,,,5,,,,,,,,,,5,,,,,,,,,,,,,5,,,,,,5,,,,,,,,,,,,,5,,,,,,,,,,,,,,,,,,,,,,,,,,,,,,,,,,,,,,,,,,,,,,,,,,,,,,,,,,,,,,,,,,,,,,,,,,,,,,,,,,,,,,,,,,,,,,,,,,1,0,100,6,7,1,1,
3/30/23 15:18,3/30/23 15:23,100,262,R_1GTxNrhQWhJD2st,1,2,27,Female,female,3,1,2,,3,,,,,,,2,,,,,2,,,1,,,,,,3,,,,,,,,,,4,,,,,,,,,,,,5,,,,,,,,5,,,,,,5,,,,,,,,,,,,,2,,,,,,,,,,,,,,,,,,,,,,,,,,,,,,,,,,,,,,,,,,,,,,,,,,,,,,,,,,,,,,,,,,,,,,,,,,,,,,,,,,,,,,,,,,,,,,,,,,,,4,46,57,4,4,5,1,I really enjoyed this study!
3/30/23 15:18,3/30/23 15:23,100,285,R_2pWs022j0GcW7Rd,1,2,59,,,3,2,1,,,,1,,2,,,,,,,,2,,,,,3,,,,,,2,,,,,,,,,5,,,,,,,,,5,,,,,,,,,,,,,,5,,,,,,,5,,,,,,,5,,,,,,,,,,,,,,,,,,,,,,,,,,,,,,,,,,,,,,,,,,,,,,,,,,,,,,,,,,,,,,,,,,,,,,,,,,,,,,,,,,,,,,,,,,,,,,,,,,,,,3,24,64,1,2,5,1,
3/30/23 15:01,3/30/23 15:23,100,1366,R_28O4lAYsqV9wu2W,1,2,31,Male,male,5,1,1,,,,,,,,,,,,,,,,,,,,,,,,,,,,,,,,,,,,,,,,,,,,,,,,,,,,,,,,,,,,,,,,,,,,,,,,,,,,,,,,,,1,,,,,,1,,,,,,1,,,,,2,,,,2,,,,,,3,,,,,,,,,,,,,,,,3,,,,,,,,,,,,,3,,,,,,,,,,,,,,,,,,,,3,,,3,,,,,,,,,,,6,75,45,3,6,6,1,Thank you! This was an interesting take on a political study!
3/30/23 15:11,3/30/23 15:25,100,826,R_UFo3FCe5n2RIjdv,1,2,40,Female,female,4,1,1,,,,,,,,,,,,,,,,,,,,,,,,,,,,,,,,,,,,,,,,,,,,,,,,,,,,,,,,,,,,,,,,,,,,,,,,,,,,,,,,,,,,1,,,,,1,,,,1,,,,,,,1,3,,,,,,,,,,,,,,,,5,,,,,,5,,,,,,,,,,,,,,,,,,,4,,,,,,,,,,5,,,,,,,,,,,,,,,,,4,,,5,71,19,1,5,7,1,
3/30/23 15:09,3/30/23 15:25,100,943,R_3lz6SJmfuM5gzh7,1,2,37,male,male,2,1,1,1,,,,,,3,,,,,,,,1,,,,3,,1,,,,,,,,,,,,,,4,,,,,,4,,,,,,,5,,,,,,,,,,,,,,5,,,,,,,,,,,,,,,4,,,,,,,,,,,,,,,,,,,,,,,,,,,,,,,,,,,,,,,,,,,,,,,,,,,,,,,,,,,,,,,,,,,,,,,,,,,,,,,,,,,,,,,,,,,,,,,7,42,68,1,7,6,1,
3/30/23 15:17,3/30/23 15:25,100,474,R_aXdOWmkuruGoklX,1,2,36,female,female,4,1,2,,,,,,,,,,,,,,,,,,,,,,,,,,,,,,,,,,,,,,,,,,,,,,,,,,,,,,,,,,,,,,,,,,,,,,,,,,,,,,,2,,,,,,,,,,1,,,2,,,,,3,,,,,3,,,,,,,,5,,,,,,,,,,,,,,,,,,,4,,,,,,,,,,,,,,,,5,4,,,,,,,,,,,,,,,,,,,,,,4,,,,4,30,25,4,4,5,1,This was an interesting study. thank you.
3/30/23 15:21,3/30/23 15:26,100,321,R_1cUqKSHPQXJVqb6,1,2,51,Female,female,3,1,1,,,,,2,2,,,,,1,,,,,,,1,,,2,,,,,,,,,,,,,,,5,,,,,5,,,,,,5,,,,,,,,,,,,,5,,,,,,,,,,,,,,,,5,,,,,,,,,,,,,,,,,,,,,,,,,,,,,,,,,,,,,,,,,,,,,,,,,,,,,,,,,,,,,,,,,,,,,,,,,,,,,,,,,,,,,,,,,,,,,,,,3,15,40,2,5,5,1,
3/30/23 15:20,3/30/23 15:26,100,368,R_3kaGFLJoCMCIdFy,1,2,53,female,female,4,2,1,,,,,,,,,,,,,,,,,,,,,,,,,,,,,,,,,,,,,,,,,,,,,,,,,,,,,,,,,,,,,,,,,,,,,,,,,,,,,,,,,1,,,,1,,,,,,,,,1,,,,1,,,,,,,1,,,3,,,,,,,,,,,,,,,,,,,,3,,,,,,,,,,,,,3,,,,,,,,,,,,,,,,5,,,,,,,,,,,,,,3,5,53,50,2,3,6,1,
3/30/23 15:22,3/30/23 15:27,100,267,R_1Qg57cuI9jpetJf,1,2,40,female,female,4,1,2,,,,,,,,,,,,,,,,,,,,,,,,,,,,,,,,,,,,,,,,,,,,,,,,,,,,,,,,,,,,,,,,,,,,,,,,,,,,,,,,,,,,3,,,2,,,,,,,,1,,,,1,,,1,,,,,,,,,,,,,,,5,,,,,,,,,,,,,5,,,,5,,,,,,,,,,,,5,,,,,,,,,,,,,,,,,,,,,,,,5,,5,76,34,2,5,7,1,
3/30/23 15:20,3/30/23 15:27,100,406,R_1jK6bl9CtT6oQMi,1,2,50,Female,female,6,1,2,,,,,,,,,,,,,,,,,,,,,,,,,,,,,,,,,,,,,,,,,,,,,,,,,,,,,,,,,,,,,,,,,,,,,,,,,,,,,,,,,,,,2,,,2,,,,2,,,,,,4,,,,,,,,,2,,,,,,4,,,,,,,,,,,,,,,5,,,,,,,,,,5,,,,,,,,,,,,5,,,,,,,,,,5,,,,,,,,,,,,,7,75,25,1,6,5,1,
3/30/23 15:20,3/30/23 15:27,100,433,R_2pM5cg7vnl6mkmX,1,2,47,male,male,6,1,2,,,,,,,,,,,,,,,,,,,,,,,,,,,,,,,,,,,,,,,,,,,,,,,,,,,,,,,,,,,,,,,,,,,,,,,,,,,,,,,,,,,3,,,,,1,,,3,,,,,5,,,,,5,,,,,,,,,,,,,,,,,5,,5,,,,,,,,,,,,,,,5,,,,,,,,,,,,,,,,5,,,,,,,,,,,,,,,,5,,,,,6,100,0,6,7,5,1,everything in the study was good i enjoyed taking it
3/30/23 15:17,3/30/23 15:28,100,641,R_2VwokFwYwnmjy9t,1,2,52,male,male,1,2,2,,,,4,,,,,3,,,,2,,,2,,,,,,,,2,,,,,2,,,,,,,,,,,,,,,,,4,,,,,2,,,,,,,,,,,,,,,4,,,,1,,,,,,,,,,,,,,,,,,,,,,,,,,,,,,,,,,,,,,,,,,,,,,,,,,,,,,,,,,,,,,,,,,,,,,,,,,,,,,,,,,,,,,,,,,,,,,,,,,,,,,2,25,75,4,4,5,1,
3/30/23 15:05,3/30/23 15:28,100,1397,R_3ML7qNW1kC72tZ7,1,2,22,female,,4,1,1,,,,,,,,,,,,,,,,,,,,,,,,,,,,,,,,,,,,,,,,,,,,,,,,,,,,,,,,,,,,,,,,,,,,,,,,,,,,,,,,1,,,,,1,,,,,,4,,,,,,4,,,,3,,,,,,,,,,,,5,,,,,,,,,,,,,,,,,,,5,,,,,,5,,,,,,,,,,,,,,,5,,,,,,,,,,,,,,,2,,,,4,50,50,4,4,4,1,
3/30/23 15:23,3/30/23 15:29,100,339,R_2Xpz0hkT1LWzrUl,1,2,19,Male,male,3,1,1,,,2,,,,,2,,,1,,,,,,1,,,,,,2,,,,,,,3,,,,,,,,,5,,,,,,,,,,,,,5,,,,,,,,,,,,,,,4,4,,,,,,,,,,,,,,,,,,,,,,,,,,,,,,,,,,,,,,,,,,,,,,,,,,,,,,,,,,,,,,,,,,,,,,,,,,,,,,,,,,,,,,,,,,,,,,,,,,,,,,,,4,50,50,5,1,6,1,
3/30/23 15:18,3/30/23 15:29,100,680,R_Uzm0Rzubmqeeapr,1,2,42,Female,female,3,1,1,,3,,,,,2,,,,,,,,2,,,,,3,,2,,,,,,,,,,,,5,,,,,,,,,,5,,,5,,,,,,,,,,,,,,,,,,5,,,5,,,,,,,,,,,,,,,,,,,,,,,,,,,,,,,,,,,,,,,,,,,,,,,,,,,,,,,,,,,,,,,,,,,,,,,,,,,,,,,,,,,,,,,,,,,,,,,,,,,,,,,,4,0,0,1,1,7,1,
3/30/23 15:24,3/30/23 15:30,100,328,R_yJv45cbpTkqlcU9,1,2,56,Female,female,2,2,1,1,,,,,,,1,,,,,,1,,,,,,2,,,,1,,,5,,,,,,,,,,,5,,,,,,,,,,,,5,,,,,,,,,,,,,5,,,,,,,,,,,,5,,,,,,,,,,,,,,,,,,,,,,,,,,,,,,,,,,,,,,,,,,,,,,,,,,,,,,,,,,,,,,,,,,,,,,,,,,,,,,,,,,,,,,,,,,,,,,,,,2,60,80,6,5,7,1,
3/30/23 15:21,3/30/23 15:31,100,609,R_55RxvHQQw3Xo5Vf,1,2,27,woman,female,5,2,1,,,,,,,,,,,,,,,,,,,,,,,,,,,,,,,,,,,,,,,,,,,,,,,,,,,,,,,,,,,,,,,,,,,,,,,,,,,,,,,,,1,,,,,,,,1,,1,,,,,,,3,,,,,,,1,,,,,,5,,,,,,,,,,,,,,,3,,,,,,,,,,,,,,1,,,,,,,,,,,,,,,,2,,,,,,,4,,,,,,,,,6,81,9,4,6,5,1,
3/30/23 15:28,3/30/23 15:31,100,156,R_3hgyShonsgERchS,1,2,27,F,female,6,1,1,,,,,,,,,,,,,,,,,,,,,,,,,,,,,,,,,,,,,,,,,,,,,,,,,,,,,,,,,,,,,,,,,,,,,,,,,,,,,,,2,,,,,,,1,,,,,,2,,,,,,2,,,,,1,,,,,,,,,,,,,5,,,,,,,,,,,,,,,5,,,,,,,,,,5,,,,,,,,,,,,,,5,,,,,,5,,,,,,,,,,,7,60,10,3,6,3,1,
3/30/23 15:24,3/30/23 15:31,100,414,R_2wnmB4fEvEXfGIN,1,2,64,female,female,5,2,1,,,,,,,,,,,,,,,,,,,,,,,,,,,,,,,,,,,,,,,,,,,,,,,,,,,,,,,,,,,,,,,,,,,,,,,,,,,,,,,,3,,,,,,,,,2,2,,,,,,,,,1,,,,,,,1,,,,,,,,5,,,,,,,,,,,5,,,,,,,,,,,,,,,,,,,,5,,,,,5,,,,,,,,,,,,5,,,,,,,,,,5,75,40,1,7,5,1,"These tweets show why our country is in trouble and falling apart. Sad, very sad. "
3/30/23 15:01,3/30/23 15:32,100,1828,R_qEgU8PJ6pHiD4nn,1,2,57,female,female,5,1,2,,,,,,,,,,,,,,,,,,,,,,,,,,,,,,,,,,,,,,,,,,,,,,,,,,,,,,,,,,,,,,,,,,,,,,,,,,,,,,,,,,,,2,2,,,,,,,,,2,,,,,,2,,3,,,,,,,,5,,,,,,,,,,,,,,,,,,,,,5,,,,,2,,,,,,,,,,,5,,,,,,,,,,,,,,,,4,,,,,,,,,6,89,22,4,6,3,1,I am always shopped by politicians reluctance to see anything from another perspective
3/30/23 15:23,3/30/23 15:32,100,509,R_yqZRnAYE5uH3rkB,1,2,22,female I do not affiliate w a political party,female,4,2,1,,,,,,,,,,,,,,,,,,,,,,,,,,,,,,,,,,,,,,,,,,,,,,,,,,,,,,,,,,,,,,,,,,,,,,,,,,,,,,,,,,3,,,2,,,,,,,3,,,,,,,,2,,,,3,,,5,,,,,,,,,,,,,,,5,,,,,,,,,,,,,,,,,3,,,,,,,,,,,,,,,5,,,,,,,,,,,5,,,,,,,4,0,0,4,4,5,1,
3/30/23 15:21,3/30/23 15:32,100,660,R_1Clv7HbaIfPEMQX,1,2,56,male,male,3,2,1,,2,,,,,,,5,,,,3,,,,,,2,,,,,1,,5,,,,,,,,,,,,,,5,,,,,,,,,,5,,,,,,,,5,,,,,,,,,,,,,,,3,,,,,,,,,,,,,,,,,,,,,,,,,,,,,,,,,,,,,,,,,,,,,,,,,,,,,,,,,,,,,,,,,,,,,,,,,,,,,,,,,,,,,,,,,,,,,,,,,,,5,60,50,4,2,7,1,Most of the republican sentors tweeting are extremist. I feel very little to any far left or far right representative. I knew these were mostly being sarcastic when complimenting.
3/30/23 15:27,3/30/23 15:33,100,389,R_3R8SQSdOE9h0Y4B,1,2,27,Male,male,2,2,1,,,,1,,2,,,,,,1,,,,2,,,,,2,,,,,,,,5,,,,,,,,,,,,,,,,,5,,,,,,,,,,,5,,,,5,,,,,,,,,,5,,,,,,,,,,,,,,,,,,,,,,,,,,,,,,,,,,,,,,,,,,,,,,,,,,,,,,,,,,,,,,,,,,,,,,,,,,,,,,,,,,,,,,,,,,,,,,,,,,,,,2,10,85,1,6,3,1,
3/30/23 15:29,3/30/23 15:34,100,296,R_XS2d4ds4wNVE6SB,1,2,54,female,female,4,2,1,,,,,,,,,,,,,,,,,,,,,,,,,,,,,,,,,,,,,,,,,,,,,,,,,,,,,,,,,,,,,,,,,,,,,,,,,,,,,,,,2,,,,,,,,,1,,,,,,2,2,,,,,,2,,,,,,,,,,,,,5,,,,,,,,4,,,,,,,,,,,,,,,,,,,,,5,,,,4,,,,,,,,,,,,4,,,,,,,,,,,,5,51,51,2,2,6,1,
3/30/23 15:27,3/30/23 15:34,100,437,R_5jpmekAkHVVigj7,1,2,44,female,female,5,1,1,,,,,,,,,,,,,,,,,,,,,,,,,,,,,,,,,,,,,,,,,,,,,,,,,,,,,,,,,,,,,,,,,,,,,,,,,,,,,,,1,,,,,,,,,1,,,,2,,,,3,,,,,2,,,,,,,,,,,,,,,,,,3,,4,,,,,,,,,,,,,,,,,,,,,4,,,,,,,,,,2,,,,,,,,,,,,3,,,,,,,,3,41,62,4,5,4,1,
3/30/23 15:24,3/30/23 15:34,100,580,R_2sYA8wIobOJL86m,1,2,47,female,female,3,2,1,1,,,,,,,,,4,,,,,3,,,,3,,,,,,3,,,,,,5,,,,,,,,5,,,,,,,,,,,,,,,,5,,,5,,,,,,,,,,,,5,,,,,,,,,,,,,,,,,,,,,,,,,,,,,,,,,,,,,,,,,,,,,,,,,,,,,,,,,,,,,,,,,,,,,,,,,,,,,,,,,,,,,,,,,,,,,,,,,,,,,,4,44,43,1,4,5,1,
3/30/23 15:32,3/30/23 15:36,100,260,R_1Fs4U4KeMK729Jy,1,2,28,female,female,4,2,1,,,,,,,,,,,,,,,,,,,,,,,,,,,,,,,,,,,,,,,,,,,,,,,,,,,,,,,,,,,,,,,,,,,,,,,,,,,,,,,,,,,2,,2,,,,,,,,,2,,,,,,1,,,1,,,,,,,,,,,,4,,,,,,,,4,,,,,,,,,,,,,,5,,,,,,,,,,,,,,5,,,,,,,,,,5,,,,,,,,,,,5,2,0,1,2,2,1,
3/30/23 15:27,3/30/23 15:39,100,727,R_blbUUbNiGKp3kFb,1,2,52,Female,female,4,1,1,,,,,,,,,,,,,,,,,,,,,,,,,,,,,,,,,,,,,,,,,,,,,,,,,,,,,,,,,,,,,,,,,,,,,,,,,,,,,,,,,,1,,,,1,,,,,,,1,,,,,,1,,,,,,,5,,,,,,,,,,,,5,,,,,,,,,,,4,,,,,,,,,,,,,,2,,,,1,,,,,,,,,,,,,,,,,,,,,,,,5,5,78,37,1,4,7,1,
3/30/23 15:21,3/30/23 15:40,100,1124,R_1BRsXMFJTnas6fY,1,2,56,female,female,5,1,1,,,,,,,,,,,,,,,,,,,,,,,,,,,,,,,,,,,,,,,,,,,,,,,,,,,,,,,,,,,,,,,,,,,,,,,,,,,,,,,,,,,2,,,,2,,,,,,,,1,,,,,1,,,,1,,,,,5,,,,,,,,,,,,,,,4,,,,,,,,,5,,,,,,,,,,,,,,,,,,,,,,,,,5,,,,,,,,5,,,,,,4,71,41,3,6,5,1,awesome
3/30/23 15:39,3/30/23 15:43,100,205,R_Dj9lXeeoNOlcw8x,1,2,45,Female,female,1,1,2,,,,,1,,2,,,,,,1,,,,,1,,,,1,,,,5,,,,,,,,,,,5,,,,,,,,,,,,,,5,,,,,,,,,,,,,5,,,,,,,,,,5,,,,,,,,,,,,,,,,,,,,,,,,,,,,,,,,,,,,,,,,,,,,,,,,,,,,,,,,,,,,,,,,,,,,,,,,,,,,,,,,,,,,,,,,,,,,,,,,,,1,37,66,3,6,5,1,
3/30/23 15:41,3/30/23 15:44,100,171,R_UK1eSY8KMCpXrBD,1,2,55,Male,male,1,1,2,,,2,,,2,,,,,1,,,,,,2,,,,,,,,1,,,,,,,,4,,,,,,,,,,,,5,,,,,,,,5,,,,,,,,,,,,,,5,,,,,,,,,,3,,,,,,,,,,,,,,,,,,,,,,,,,,,,,,,,,,,,,,,,,,,,,,,,,,,,,,,,,,,,,,,,,,,,,,,,,,,,,,,,,,,,,,,,,,,,,,,1,2,65,4,6,5,1,
3/30/23 15:44,3/30/23 15:47,100,223,R_1lzZB3yHZ3RMYNw,1,2,47,Female,female,4,1,2,,,,,,,,,,,,,,,,,,,,,,,,,,,,,,,,,,,,,,,,,,,,,,,,,,,,,,,,,,,,,,,,,,,,,,,,,,,,,,,,,,1,,,,,2,,,,,2,,,,,,1,,,,,,,1,,,,,,,,,,,,5,,,,,,,,,5,,,,,,,,,,,,5,,,,,,,,,,,,,,,,,,5,,,,,,,,,,,5,,,,,4,89,31,5,6,6,1,
3/30/23 15:38,3/30/23 15:48,100,590,R_27PuamirXSDydrd,1,2,48,,,6,1,1,,,,,,,,,,,,,,,,,,,,,,,,,,,,,,,,,,,,,,,,,,,,,,,,,,,,,,,,,,,,,,,,,,,,,,,,,,,,,,,,,1,,,,,1,,,,,,,,,1,,1,,,,,,,,1,,,,,,,,,4,,,,,,4,,,,,,,,,,,,,,,,,,,,,,,,5,,,,,,,,,,5,,,,,,,,,,5,,,,,,,,7,100,0,4,5,5,1,
3/30/23 15:44,3/30/23 15:48,100,268,R_3fQ7kR92QjpPIJq,1,2,44,female,female,4,2,1,,,,,,,,,,,,,,,,,,,,,,,,,,,,,,,,,,,,,,,,,,,,,,,,,,,,,,,,,,,,,,,,,,,,,,,,,,,,,,,,,,,,3,2,,,,,,,,1,,,1,,,,,,,,,1,,,,5,,,,,,,,,,,,,,,,,,,,4,,,,,,,,,,4,,,,,,,,,,,,,,,,,,5,,,,,,,,,,,,5,,,4,50,50,2,5,5,1,
3/30/23 15:46,3/30/23 15:48,100,153,R_3Oe3SJ7LJZJTctA,1,2,22,female,female,5,1,1,,,,,,,,,,,,,,,,,,,,,,,,,,,,,,,,,,,,,,,,,,,,,,,,,,,,,,,,,,,,,,,,,,,,,,,,,,,,,,,,3,,,,,,,,2,,,,,,2,,,,,,3,,,,2,,,,,,,,,,,,4,,,,,,,,,,,,,,,4,,,,,,,,,,3,,,,,,,,,,,,,,,,,4,,,,4,,,,,,,,,,5,81,20,4,5,3,1,n/a
3/30/23 15:44,3/30/23 15:49,100,281,R_UteIE2VRKhnInG9,1,2,46,Female,female,3,1,1,1,,,,,,,1,,,,,,,1,,,,,2,1,,,,,,,,,,,5,,,,,,,,,,,,5,,,,,,,,,,5,,,,,,,,,,,,5,,,,,,,,,,,,5,,,,,,,,,,,,,,,,,,,,,,,,,,,,,,,,,,,,,,,,,,,,,,,,,,,,,,,,,,,,,,,,,,,,,,,,,,,,,,,,,,,,,,,,,,,,,,4,10,10,1,4,5,1,When asked if I lean more Republican or Democrat I chose Republican because I am more fiscally conservative however I would have liked to have seen a more moderate choice
3/30/23 15:47,3/30/23 15:50,100,223,R_5pARoWMbvMGpqgx,1,2,38,female,female,4,1,1,,,,,,,,,,,,,,,,,,,,,,,,,,,,,,,,,,,,,,,,,,,,,,,,,,,,,,,,,,,,,,,,,,,,,,,,,,,,,,,1,,,,,,,,,,2,,,,2,,,,,1,,,,,1,,,,5,,,,,,,,,,,,,,,,,,5,,,,,,,,,,,,,,,5,,,,,,,5,,,,,,,,,,,,,,,,5,,,,,,,,,7,30,5,1,4,4,1,"interesting, informative"
3/30/23 15:46,3/30/23 15:51,100,295,R_1lsJdmAYlt10r4r,1,2,49,female,female,3,1,1,,,3,,,,,,,3,,,3,,,,,,3,,,,,1,,,,,,,,,,,3,,,,,,,,3,,,,,,4,,,,,,,,,,,5,,,,,,,,,4,,,,,,,,,,,,,,,,,,,,,,,,,,,,,,,,,,,,,,,,,,,,,,,,,,,,,,,,,,,,,,,,,,,,,,,,,,,,,,,,,,,,,,,,,,,,,,,,,,,,,,,4,0,0,2,3,5,1,
3/30/23 15:46,3/30/23 15:53,100,400,R_2y1TSaeSRigzIg1,1,2,52,female,female,4,1,2,,,,,,,,,,,,,,,,,,,,,,,,,,,,,,,,,,,,,,,,,,,,,,,,,,,,,,,,,,,,,,,,,,,,,,,,,,,,,,,,,,,1,,,,1,,,,,,1,,,,,,1,,,,,,,2,,,,,,5,,,,,,,,,,5,,,,,,,,,,,,,,,,,,,,,,,5,,,,,2,,,,,,,,,,,,,,,,,,5,,,,4,51,52,4,4,4,1,thank you
3/30/23 15:46,3/30/23 15:54,100,475,R_1AAYKyzsdQ8d2Q9,1,2,50,female,female,3,1,1,,,,,2,,1,,,,,,,3,,,,2,,,,,,,3,,,,,,,,,,,3,,4,,,,,,,,,,,,,,,,,,5,,,,,,,4,,,,,,,,,,,,,3,,,,,,,,,,,,,,,,,,,,,,,,,,,,,,,,,,,,,,,,,,,,,,,,,,,,,,,,,,,,,,,,,,,,,,,,,,,,,,,,,,,,,,,,,,,,,,,,4,47,50,5,7,6,1,
3/30/23 15:38,3/30/23 15:55,100,992,R_3DedKVgPhBkBfWi,1,2,51,female,female,4,1,1,,,,,,,,,,,,,,,,,,,,,,,,,,,,,,,,,,,,,,,,,,,,,,,,,,,,,,,,,,,,,,,,,,,,,,,,,,,,,,,,,,,,5,,,,1,,4,,,,,,,2,,,,,2,,,,,,,,,,,5,,,,,,,,,,,,,,,,,5,,,,,,,,,,,,,5,,,,,,,,,,,,5,,,,,,,,,,5,,,,,,,4,50,50,4,4,4,1,
3/30/23 15:52,3/30/23 15:55,100,196,R_3DneJ2qRafgNqGI,1,2,29,Male ,male,6,1,2,,,,,,,,,,,,,,,,,,,,,,,,,,,,,,,,,,,,,,,,,,,,,,,,,,,,,,,,,,,,,,,,,,,,,,,,,,,,,,,,,4,,,,2,,,,,,,,,,3,,4,,,,,,,3,,,,,,,,,,,,,,,5,,,,,,,,5,,,,,,,,,,,,,,,5,,,,,,,3,,,,,,,,,,,,,,,,,,,,,5,,7,20,10,2,5,1,1,
3/30/23 15:52,3/30/23 15:57,100,301,R_1daSFL5YwgIaMe6,1,2,72,female,female,4,2,2,,,,,,,,,,,,,,,,,,,,,,,,,,,,,,,,,,,,,,,,,,,,,,,,,,,,,,,,,,,,,,,,,,,,,,,,,,,,,,,,,,,,3,,,,,2,,1,,,,,,,,,1,,3,,,,,,,,,5,,,,,,,,,,,,,5,,,,,,,,,,5,,,,,,,,,,,,1,,,,,,,,,,,,,,,,,,,,5,,,,,,6,85,2,1,1,6,1,"I think I mistakenly marked the first tweet (from Durbin) as positive toward the other party, but it was mostly negative. Sorry"
3/30/23 15:45,3/30/23 15:57,100,709,R_2ZCZOedjyQ50P12,1,2,72,Female,female,5,2,1,,,,,,,,,,,,,,,,,,,,,,,,,,,,,,,,,,,,,,,,,,,,,,,,,,,,,,,,,,,,,,,,,,,,,,,,,,,,,,,,,4,,,,1,,,,,,,,3,,,,,,2,,3,,,,,,,,,5,,,,,,,,,,,,,,,,,,5,,,,,,,,5,,,,,,,,,,,,,,,,5,,,,,,,,5,,,,,,,,,,,,5,80,29,2,5,3,1,
3/30/23 15:53,3/30/23 15:58,100,280,R_27EG5bByfcU1rFt,1,2,49,female,female,4,1,1,,,,,,,,,,,,,,,,,,,,,,,,,,,,,,,,,,,,,,,,,,,,,,,,,,,,,,,,,,,,,,,,,,,,,,,,,,,,,,,,,,,2,,,,,1,,,,,,,1,1,,,,,,,1,,,,,5,,,,,,,,,,,,,,,,,,,,,,,,5,5,,,,,,,,,,,,,,,4,,,,,,,,,,,5,,,,,,,,,,,,,5,46,31,1,1,7,1,
3/30/23 15:54,3/30/23 15:59,100,312,R_1Pd5oRoH2B3eydL,1,2,59,Female,female,3,2,1,,1,,,,,1,,,,3,,,,,,1,,,,,,1,,,,,,,,,,5,,,,5,,,,,,,,,,,,,,,,,,,5,,,5,,,,,,,,,,,5,,,,,,,,,,,,,,,,,,,,,,,,,,,,,,,,,,,,,,,,,,,,,,,,,,,,,,,,,,,,,,,,,,,,,,,,,,,,,,,,,,,,,,,,,,,,,,,,,,,,,,3,10,20,4,5,6,1,
3/30/23 15:59,3/30/23 16:04,100,317,R_2tDb1Bq2f8BUQPw,1,2,47,woman,female,4,2,1,,,,,,,,,,,,,,,,,,,,,,,,,,,,,,,,,,,,,,,,,,,,,,,,,,,,,,,,,,,,,,,,,,,,,,,,,,,,,,,,2,,,,,,2,,,,,,2,,,,,,2,,,2,,,,,,,,,,,,,,,,,,5,,4,,,,,,,,,,,,,,5,,,,,,,,,,,,,,,,,,5,,,,,,,,,,5,,,,,,,,,7,70,0,2,7,3,1,
3/30/23 15:37,3/30/23 16:05,100,1680,R_VJxy0GcXTYcMQI9,1,2,42,female,female,3,1,1,,,,1,,,,,3,,,2,,,,1,,,,,,1,,,,,,4,,,,,,,,,,,,,1,,,,,,,3,,,,,,,,,,,,,,,,,4,,,,,,,3,,,,,,,,,,,,,,,,,,,,,,,,,,,,,,,,,,,,,,,,,,,,,,,,,,,,,,,,,,,,,,,,,,,,,,,,,,,,,,,,,,,,,,,,,,,,,,,,,,,,4,0,10,1,1,5,1,"I felt the questions in the study were hard to really answer simply because I don't feel like these politicians should be all about what they each want to begin with since they are supposed to be working for the people. It should only matter how the majority of citizens would like to have an issue resolved. If any of these politicians actually are trying to do the right thing for Americans, I don't think It's negative to stand up to their opponents and address the potential problems they could cause our society even if it is done in a negative way. If it were up to me, I would fire them all and totally dismantle the joke of a federal government. "
3/30/23 16:00,3/30/23 16:06,100,381,R_3n2d1tMl6PapDMw,1,2,28,Male,male,5,1,1,,,,,,,,,,,,,,,,,,,,,,,,,,,,,,,,,,,,,,,,,,,,,,,,,,,,,,,,,,,,,,,,,,,,,,,,,,,,,,,,,,1,,,,,,,1,,,2,,,,,,,1,,,,,,,1,,5,,,,,,,,,,,,,5,,,,,,,,,,,,,,,,,,5,,,,,,,,,,,,,,,,,5,,,,,,,,,5,,,,,,,6,80,40,4,6,7,1,
3/30/23 16:09,3/30/23 16:12,100,222,R_2CKgaMJHzOZvTcU,1,2,34,female,female,6,1,2,,,,,,,,,,,,,,,,,,,,,,,,,,,,,,,,,,,,,,,,,,,,,,,,,,,,,,,,,,,,,,,,,,,,,,,,,,,,,,,2,,,,,,,3,,,,3,,,,,,,4,,,,,,,,,3,5,,,,,,,,,,,,,,,,,,5,,,,,,,,,,,1,,,,,,,,,,,,,,,,3,,,,,,,,5,,,,,,,,,,,,7,19,0,4,7,1,1,
3/30/23 16:09,3/30/23 16:13,100,262,R_3COYT04Rl9wGC79,1,2,20,cisgender woman,female,4,2,1,,,,,,,,,,,,,,,,,,,,,,,,,,,,,,,,,,,,,,,,,,,,,,,,,,,,,,,,,,,,,,,,,,,,,,,,,,,,,,,,1,,,,,,,,1,,,,,,,1,2,,,,,,,,,1,,,,,,,,,5,,,,,,,,,,,,,,,,,,5,,4,,,,,,,,,,,,,,,,5,,,,,,,,,,,,,,,,,,5,,,,4,61,50,3,2,7,1,
3/30/23 16:16,3/30/23 16:20,100,269,R_2Srxz3PFVJ4rLCa,1,2,51,female,female,2,2,1,1,,,,,,,,,3,,2,,,,,,1,,,,1,,,,,,,,,,,,,5,,,,,,,,,,4,,,,5,,,,,,,,,,,4,,,,,,,,,,,,4,,,,,,,,,,,,,,,,,,,,,,,,,,,,,,,,,,,,,,,,,,,,,,,,,,,,,,,,,,,,,,,,,,,,,,,,,,,,,,,,,,,,,,,,,,,,,,,,,,,,2,40,60,4,6,6,1,
3/30/23 16:16,3/30/23 16:21,100,311,R_3qUQpOMmbzC6OVX,1,2,24,male,male,2,1,1,,,,2,,,,,1,,,,1,,,,,,3,,,,2,,,,,,,4,,,,,,,,,,,4,,,,,,,,,,,,,,5,,,,,,,,,,,1,,,,,,,,,5,,,,,,,,,,,,,,,,,,,,,,,,,,,,,,,,,,,,,,,,,,,,,,,,,,,,,,,,,,,,,,,,,,,,,,,,,,,,,,,,,,,,,,,,,,,,,,,,,2,40,80,2,5,3,1,
3/30/23 16:03,3/30/23 16:24,100,1253,R_6xUvOzKZPKy6Gid,1,2,50,Female,female,5,1,1,,,,,,,,,,,,,,,,,,,,,,,,,,,,,,,,,,,,,,,,,,,,,,,,,,,,,,,,,,,,,,,,,,,,,,,,,,,,,,,,,,,,3,,,,,3,,,,,4,,,,,,1,4,,,,,,,,,,,,,,,4,,,,,,,,,,,,,3,,,,,,,,5,,,,,,,,,,,,,,,,,,5,,,,,,3,,,,,,,,,,,6,73,10,2,6,6,1,
3/30/23 16:27,3/30/23 16:34,100,432,R_5yYCV7OYF9pM6WJ,1,2,65,female,female,2,1,2,,3,,,,3,,,,,,,,3,,2,,,,,,,,,1,,,,,,,,,5,,,,,,,,,,5,,,,,,,,,,5,,,,,,,,,,,5,,,,,,4,,,,,,,,,,,,,,,,,,,,,,,,,,,,,,,,,,,,,,,,,,,,,,,,,,,,,,,,,,,,,,,,,,,,,,,,,,,,,,,,,,,,,,,,,,,,,,,,,,,,,6,50,71,4,6,6,1,
3/30/23 17:00,3/30/23 17:05,100,294,R_XjFdJEYLyMGljpL,1,2,30,Nonbinary,,6,2,1,,,,,,,,,,,,,,,,,,,,,,,,,,,,,,,,,,,,,,,,,,,,,,,,,,,,,,,,,,,,,,,,,,,,,,,,,,,,,,,,,,1,,,,,2,,,,1,,,,,,,,,1,,1,,,,,,,5,,,,,,,,,,,,,,,,,,,,,5,,,,,,,,,,,,,,,5,,,,5,,,,,,,,,,,,,,,,,,,,5,,,7,65,0,4,6,1,1,
3/30/23 17:02,3/30/23 17:06,100,240,R_6sWxblEdG8mYTlf,1,2,44,male,male,1,2,1,,,1,,,,,1,,,,,,,1,,1,,,,1,,,,,5,,,,,,,,,,,,5,,,,,,,,,,,,,,,5,,,,,,3,,,,,,,,,,,,,,,,,5,,,,,,,,,,,,,,,,,,,,,,,,,,,,,,,,,,,,,,,,,,,,,,,,,,,,,,,,,,,,,,,,,,,,,,,,,,,,,,,,,,,,,,,,,,,,,,,,1,0,100,4,7,2,1,
3/30/23 17:06,3/30/23 17:11,100,314,R_XiEyCFIexCoY45r,1,2,44,Male,male,1,1,1,,,,,4,3,,,,,,,,2,,,,,,3,,,,3,,,,5,,,,,,,,,,,5,,,,,,,,,,,5,,,,,,,,,,,,,4,,,,,5,,,,,,,,,,,,,,,,,,,,,,,,,,,,,,,,,,,,,,,,,,,,,,,,,,,,,,,,,,,,,,,,,,,,,,,,,,,,,,,,,,,,,,,,,,,,,,,,,,,,,,,,1,5,71,3,7,1,1,
3/30/23 16:14,3/30/23 17:22,100,4055,R_3J9R5RVfM3syNiu,1,2,18,Female,female,4,1,2,,,,,,,,,,,,,,,,,,,,,,,,,,,,,,,,,,,,,,,,,,,,,,,,,,,,,,,,,,,,,,,,,,,,,,,,,,,,,,,,,,,2,,,,2,,,3,,,,,,,,2,,,,,,3,,,,,,,,,,,,,,3,,,,,,,,,,,,,3,,,,,,,4,,,,,,,,,,,,,,,,2,,,,,,,,,,,,,,,,3,,4,49,28,4,5,5,2,
3/30/23 17:21,3/30/23 17:29,100,516,R_pDGtg0U2mdfFcEp,1,2,54,female,,1,1,1,,,,1,,,1,,,,,3,,,,,,,1,,,,2,,,,,,,,,4,,,,,,,,,,,,,,2,,,,,,,,,,,3,,,,,,,,,,3,,,,,,,3,,,,,,,,,,,,,,,,,,,,,,,,,,,,,,,,,,,,,,,,,,,,,,,,,,,,,,,,,,,,,,,,,,,,,,,,,,,,,,,,,,,,,,,,,,,,,,,,,,1,8,92,4,6,5,1,
3/30/23 17:32,3/30/23 17:37,100,278,R_AiFF0uEBtuemAMx,1,2,56,male,male,1,1,2,,1,,,,,,,2,,2,,,,,,,1,,,1,,,,,,,,,,5,,,,,,,,,,,5,,,,,,,,,5,,,,,,,,,,,2,,,,,,,,,,,,,,,,5,,,,,,,,,,,,,,,,,,,,,,,,,,,,,,,,,,,,,,,,,,,,,,,,,,,,,,,,,,,,,,,,,,,,,,,,,,,,,,,,,,,,,,,,,,,,,,2,75,90,1,5,5,1,
3/30/23 17:36,3/30/23 17:48,100,759,R_DCxlaExVDIBr5C1,1,2,32,FEMALE,female,3,1,2,,,1,,,,,,,3,,,,,1,2,,,,,,,,2,,,,,,,,,,,,4,,,,4,,,,,,,,,,,,3,,,,,,5,,,,,,,,,,,3,,,,,,,,,,,,,,,,,,,,,,,,,,,,,,,,,,,,,,,,,,,,,,,,,,,,,,,,,,,,,,,,,,,,,,,,,,,,,,,,,,,,,,,,,,,,,,,,,,,,,,,3,44,62,4,6,4,1,
3/30/23 17:59,3/30/23 18:02,100,195,R_pL9aY1VhyvtQ0hj,1,2,51,male,male,2,1,1,3,,,,,,,3,,,,,5,,,,,,,3,,,,,3,,,,1,,,,,,,,,,,,,,4,,,,2,,,,,,,,,,,,,,,,,1,,,,,,,,,,,,,1,,,,,,,,,,,,,,,,,,,,,,,,,,,,,,,,,,,,,,,,,,,,,,,,,,,,,,,,,,,,,,,,,,,,,,,,,,,,,,,,,,,,,,,,,,,,,,,2,0,59,1,4,1,1,
3/30/23 18:01,3/30/23 18:05,100,230,R_RyreLytMXPvY4VP,1,2,20,Male,male,2,1,1,,,,,2,,,,2,,,2,,,,,2,,,,,1,,,,,5,,,,,,,,,,,,,,,,3,,,,,,,,,5,,,,,,,,,5,,,,,,,,,,,,4,,,,,,,,,,,,,,,,,,,,,,,,,,,,,,,,,,,,,,,,,,,,,,,,,,,,,,,,,,,,,,,,,,,,,,,,,,,,,,,,,,,,,,,,,,,,,,,,,,,2,30,35,4,1,5,1,
3/30/23 18:15,3/30/23 18:22,100,437,R_bsh0QH4yypBSq0p,1,2,50,female,female,2,1,2,,,,,1,,3,,,,,,,,3,2,,,,,,3,,,,,,,,,,,,5,,,,5,,,,,,,,,,,,,,,,,,5,,,,,,,,,5,,,,,,,,,,,5,,,,,,,,,,,,,,,,,,,,,,,,,,,,,,,,,,,,,,,,,,,,,,,,,,,,,,,,,,,,,,,,,,,,,,,,,,,,,,,,,,,,,,,,,,,,,,,,2,19,87,3,7,5,1,
3/30/23 18:16,3/30/23 18:23,100,393,R_3Esu4PQEGNm3FHu,1,2,35,male,male,3,1,1,,,2,,,,,,,2,,,2,,,,,3,,,,,,,3,,,,,,,3,,,,,,,,,,,,2,,,,3,,,,,,,,,,,,,,,,,,,2,,,,,,,,2,,,,,,,,,,,,,,,,,,,,,,,,,,,,,,,,,,,,,,,,,,,,,,,,,,,,,,,,,,,,,,,,,,,,,,,,,,,,,,,,,,,,,,,,,,,,,,,,,3,10,20,5,5,4,1,
3/30/23 18:52,3/30/23 18:53,100,90,R_1hHfDRfiXBwTgmH,1,2,35,male,male,2,1,1,,4,,,,,,2,,,,,,3,,,,,3,,3,,,,,,,,,,,,,,,3,2,,,,,,,,,,,,,,,,3,,,,,,,,2,,,,,,,,,,,,,3,,,,,,,,,,,,,,,,,,,,,,,,,,,,,,,,,,,,,,,,,,,,,,,,,,,,,,,,,,,,,,,,,,,,,,,,,,,,,,,,,,,,,,,,,,,,,,,,,,3,12,63,5,5,5,1,
3/30/23 19:04,3/30/23 19:13,100,533,R_3CZXwQZTQqeVONw,1,2,49,female,female,3,2,1,,,,1,,2,,,,,2,,,,,,,,,2,,,,1,,,,,,,,,,,5,,,,,,,5,,,,,,,5,,,,,,,,,4,,,,,,,,,,3,,,,,,,,,,,,,,,,,,,,,,,,,,,,,,,,,,,,,,,,,,,,,,,,,,,,,,,,,,,,,,,,,,,,,,,,,,,,,,,,,,,,,,,,,,,,,,,,,,,,,,,,3,52,68,5,5,4,1,
3/30/23 19:15,3/30/23 19:20,100,307,R_1OVI08eYocNJ4B1,1,2,49,Male,male,2,1,2,2,,,,,,,,2,,,,,2,,,2,,,,,,1,,,,,,,,1,,,,,,,,,,4,,,,,,,,,1,,,,,,,,,,,,,,,,2,,,,,,2,,,,,,,,,,,,,,,,,,,,,,,,,,,,,,,,,,,,,,,,,,,,,,,,,,,,,,,,,,,,,,,,,,,,,,,,,,,,,,,,,,,,,,,,,,,,,,,,,,,,2,43,80,2,6,5,1,
3/30/23 19:19,3/30/23 19:24,100,318,R_2SJ2GZdcjsEkxMk,1,2,30,Female,female,1,2,2,2,,,,,,2,,,,2,,,,,,,,2,,,,,1,,,,,5,,,,,,,,,,,,,,,,,4,,,,,4,,,,,,,,4,,,,,,,,,,,,,,,,,,4,,,,,,,,,,,,,,,,,,,,,,,,,,,,,,,,,,,,,,,,,,,,,,,,,,,,,,,,,,,,,,,,,,,,,,,,,,,,,,,,,,,,,,,,,,,,,,,1,19,73,4,6,2,1,
3/30/23 19:08,3/30/23 19:25,100,1010,R_2AMAksNqLdp7Diy,1,2,52,Male,male,1,2,2,,,,,3,3,,,,,,2,,,,2,,,,,,,5,,,,,,,,,,5,,,,,,,,,,,,4,,,,,,,,,4,,,,,,,,,4,,,,,,,,,,,,,,,5,,,,,,,,,,,,,,,,,,,,,,,,,,,,,,,,,,,,,,,,,,,,,,,,,,,,,,,,,,,,,,,,,,,,,,,,,,,,,,,,,,,,,,,,,,,,,,1,5,85,3,6,4,1,"I liked this survey, it was interesting reading the twitter posts.  Thanks for the opportunity and good luck with the study."
3/30/23 19:16,3/30/23 19:31,100,925,R_2VrUO8mvlan7FVC,1,2,61,female,female,3,2,1,,,,1,,,,1,,,,,1,,,,1,,,,,2,,,,,5,,,,,,,,,,,,,4,,,,,,,,,,,,,,,5,,,,,,,4,,,,,,,,,,,5,,,,,,,,,,,,,,,,,,,,,,,,,,,,,,,,,,,,,,,,,,,,,,,,,,,,,,,,,,,,,,,,,,,,,,,,,,,,,,,,,,,,,,,,,,,,,,,,,,,3,82,77,2,3,6,1,
3/30/23 19:31,3/30/23 19:38,100,416,R_0HyTonblmBc26ul,1,2,38,Female,female,2,1,2,,2,,,,,,,,2,,,,,1,,,2,,,,,,,1,,,4,,,,,,,,,,,5,,,,,,,,,,,,,,,,,,5,,,,,,,5,,,,,5,,,,,,,,,,,,,,,,,,,,,,,,,,,,,,,,,,,,,,,,,,,,,,,,,,,,,,,,,,,,,,,,,,,,,,,,,,,,,,,,,,,,,,,,,,,,,,,,,,,,,,,2,30,65,4,4,3,1,
3/30/23 19:59,3/30/23 20:01,100,118,R_2TGEKJfnJEmQufh,1,2,22,Male,male,2,1,2,,,1,,,,,,4,,,,,1,,3,,,,,2,,,,,,,,,4,,,,,,,,,,,,,,5,,,,,,,,,,,5,,,,,,,,,5,,,,,,,5,,,,,,,,,,,,,,,,,,,,,,,,,,,,,,,,,,,,,,,,,,,,,,,,,,,,,,,,,,,,,,,,,,,,,,,,,,,,,,,,,,,,,,,,,,,,,,,,,,,,,2,26,42,4,2,3,1,
3/30/23 19:58,3/30/23 20:04,100,306,R_2SqU59M6uQLW4ie,1,2,31,Male ,male,1,2,1,,,,,3,2,,,,,,,4,,,,,3,,,,,,,4,,,3,,,,,,,,,,,,,3,,,,,,,,,,,,,,,3,,,,1,,,,,,,,,,5,,,,,,,,,,,,,,,,,,,,,,,,,,,,,,,,,,,,,,,,,,,,,,,,,,,,,,,,,,,,,,,,,,,,,,,,,,,,,,,,,,,,,,,,,,,,,,,,,,,,,,1,1,100,4,5,4,1,
3/30/23 19:59,3/30/23 20:06,100,411,R_28MoYEThrPjjrtZ,1,2,29,Male,male,2,1,1,,,,2,,,,,,4,,,,,1,,1,,,,,,,3,,,,,,,,,4,,,,,,,,,,,,3,,,,,,,5,,,,,,,,,,5,,,,,,,,4,,,,,,,,,,,,,,,,,,,,,,,,,,,,,,,,,,,,,,,,,,,,,,,,,,,,,,,,,,,,,,,,,,,,,,,,,,,,,,,,,,,,,,,,,,,,,,,,,,,,,,3,74,70,5,4,5,1,
3/30/23 20:04,3/30/23 20:13,100,508,R_12QJTo07fluxMla,1,2,61,female,female,1,2,1,,3,,,,,,1,,,,2,,,,,,,1,,,,1,,,,,,,,,,,,3,,,,,5,,,,,,,,,,,,,5,,,,,,,,,,,,,,3,5,,,,,,,,,,,,,,,,,,,,,,,,,,,,,,,,,,,,,,,,,,,,,,,,,,,,,,,,,,,,,,,,,,,,,,,,,,,,,,,,,,,,,,,,,,,,,,,,,,,,,,,,1,30,71,2,2,3,1,obviously a biased study as all tweets were from Republican senators
3/30/23 20:08,3/30/23 20:14,100,342,R_1KvdDOYtY5709Ij,1,2,42,male,male,2,1,2,,,1,,,,,1,,,1,,,,,,,,,1,,1,,,,,,,,,,,,,,5,,5,,,,,,,,,,,,5,,,,,,,,5,,,,,,,,,,,,,,,5,,,,,,,,,,,,,,,,,,,,,,,,,,,,,,,,,,,,,,,,,,,,,,,,,,,,,,,,,,,,,,,,,,,,,,,,,,,,,,,,,,,,,,,,,,,,,,,,,,,2,11,55,3,6,5,1,
3/30/23 20:10,3/30/23 20:15,100,297,R_1nOCsHRIzl54Hzk,1,2,29,Male,male,1,1,1,2,,,,,4,,,,,3,,,,,,2,,,,2,,,,,,,,,2,,,,,,,,,,,,,3,,,,,4,,,,,,,,,,,,3,,,,,,,,,,,,,,,,,,2,,,,,,,,,,,,,,,,,,,,,,,,,,,,,,,,,,,,,,,,,,,,,,,,,,,,,,,,,,,,,,,,,,,,,,,,,,,,,,,,,,,,,,,,,,,,,,7,50,74,4,5,4,1,
3/30/23 20:15,3/30/23 20:19,100,271,R_0rkipa1khLSKlZn,1,2,31,Female,female,3,1,2,1,,,,,,2,,,,,1,,,,,,,3,,3,,,,,,5,,,,,,,,,,5,,,,,,,,,,5,,,,,,,,,,,,,,5,,,,,,,,5,,,,,,,,,,,,,,,,,,,,,,,,,,,,,,,,,,,,,,,,,,,,,,,,,,,,,,,,,,,,,,,,,,,,,,,,,,,,,,,,,,,,,,,,,,,,,,,,,,,,,,,4,49,51,2,2,6,1,
3/30/23 20:26,3/30/23 20:31,100,321,R_OMTTr6XNUfZ5hJf,1,2,62,female,female,2,2,1,,,,,2,,,,5,,,,,,1,2,,,,,,,,2,,,,,,,,,,5,,,,,,,,,,,,5,,,,,5,,,,,,,,,,,,,,,5,,,,,,5,,,,,,,,,,,,,,,,,,,,,,,,,,,,,,,,,,,,,,,,,,,,,,,,,,,,,,,,,,,,,,,,,,,,,,,,,,,,,,,,,,,,,,,,,,,,,,,,,,,,3,20,79,1,4,4,1,N/A
3/30/23 20:51,3/30/23 20:58,100,425,R_b9rBBlPzur6Gwq5,1,2,49,male,male,1,2,1,,,2,,,,,,,2,,,2,,,,,,,2,,2,,,,,,,,,,5,,,,,,,,,,5,,,,,,,,,,,,3,,,,,4,,,,,,,,,,,,,,,,,5,,,,,,,,,,,,,,,,,,,,,,,,,,,,,,,,,,,,,,,,,,,,,,,,,,,,,,,,,,,,,,,,,,,,,,,,,,,,,,,,,,,,,,,,,,,,,,,,3,10,70,1,4,4,1,
3/30/23 21:17,3/30/23 21:21,100,272,R_1hQYPXT3CfRGsjT,1,2,34,Male,male,1,1,1,,,,1,,,,,,1,,,,1,,,,1,,,,,1,,,,,,1,,,,,,,,,,,,,,,5,,,,,,,,,,,,,5,,,,,,,,5,,,,,,5,,,,,,,,,,,,,,,,,,,,,,,,,,,,,,,,,,,,,,,,,,,,,,,,,,,,,,,,,,,,,,,,,,,,,,,,,,,,,,,,,,,,,,,,,,,,,,,,,,,,,7,70,100,1,1,7,1,
3/30/23 23:49,3/30/23 23:52,100,162,R_3G0AlGMJ1J5MBst,1,2,72,male,male,1,1,2,,5,,,,,,3,,,,1,,,,,,2,,,,,,,2,,,,,,4,,,,,,,,,,1,,,,,,,,3,,,,,,,,,,,,,,4,,,,,,,,,,,,2,,,,,,,,,,,,,,,,,,,,,,,,,,,,,,,,,,,,,,,,,,,,,,,,,,,,,,,,,,,,,,,,,,,,,,,,,,,,,,,,,,,,,,,,,,,,,,,,,1,11,89,6,7,2,1,
3/30/23 23:49,3/30/23 23:57,100,461,R_33kii1ipT0GKMQB,1,2,34,Male,male,1,1,1,,,1,,,1,,,,,1,,,,,,,,,1,1,,,,,5,,,,,,,,,,,5,,,,,,,,,,,,,,,,,,5,,,,,,,,5,,,,,,,,,,,,,,5,,,,,,,,,,,,,,,,,,,,,,,,,,,,,,,,,,,,,,,,,,,,,,,,,,,,,,,,,,,,,,,,,,,,,,,,,,,,,,,,,,,,,,,,,,,,,,,1,21,63,2,6,7,1,
3/31/23 0:06,3/31/23 0:08,100,127,R_22G4qVgmWQFyezm,1,2,39,male,male,2,1,2,,,,2,,,,,3,,,,,3,,,,,4,,,,3,,,,,,,,,,,,,4,,,,,,,,,5,,,,,,,,,,,,1,5,,,,,,,,,,,,,,,,4,,,,,,,,,,,,,,,,,,,,,,,,,,,,,,,,,,,,,,,,,,,,,,,,,,,,,,,,,,,,,,,,,,,,,,,,,,,,,,,,,,,,,,,,,,,,,,,,,,3,24,83,7,6,6,1,
3/31/23 0:27,3/31/23 0:32,100,300,R_1nNn5XojUPNpjpz,1,2,32,Male,male,1,2,1,,,,,1,1,,,,,,,1,,,1,,,,,,,,,1,,,,,,1,,,,,,,,1,,,,,,,,,,,1,,,,,,,,,,,,,,,,1,,,,,,1,,,,,,,,,,,,,,,,,,,,,,,,,,,,,,,,,,,,,,,,,,,,,,,,,,,,,,,,,,,,,,,,,,,,,,,,,,,,,,,,,,,,,,,,,,,,,,,,,,,,1,10,90,2,7,5,1,I was disappointed that there were not more tweets from Democrats.
3/31/23 0:58,3/31/23 1:06,100,487,R_1dA00RHoYZkBKJO,1,2,42,Male,male,1,2,1,1,,,,,,3,,,,,,,,1,,1,,,,,1,,,,,,,,,,,,,5,,,,,5,,,,,,,,,,,,,2,,,,,,,,,,,,,,5,,,,,,,5,,,,,,,,,,,,,,,,,,,,,,,,,,,,,,,,,,,,,,,,,,,,,,,,,,,,,,,,,,,,,,,,,,,,,,,,,,,,,,,,,,,,,,,,,,,,,,,,,,1,0,100,2,7,7,1,
3/31/23 1:36,3/31/23 1:42,100,315,R_1qh3yt7FVsTfeQD,1,2,21,Male,male,3,1,1,,3,,,,,,1,,,,,,,1,,1,,,,,,,1,,,,,,,,,5,,,,,,,,,,,,,5,,,,,5,,,,,,,,,,,,,5,,,,,5,,,,,,,,,,,,,,,,,,,,,,,,,,,,,,,,,,,,,,,,,,,,,,,,,,,,,,,,,,,,,,,,,,,,,,,,,,,,,,,,,,,,,,,,,,,,,,,,,,,,,,,4,50,50,1,1,5,1,
3/31/23 1:45,3/31/23 1:49,100,242,R_yrUyZZe7sBo6QPD,1,2,43,male,male,2,1,1,2,,,,,,,,,2,,,2,,,,,2,,,,,,,2,,,,,,,,,4,,,,4,,,,,,,,,,,,,,5,,,,,,,4,,,,,,,,,,,,,,,,,,,4,,,,,,,,,,,,,,,,,,,,,,,,,,,,,,,,,,,,,,,,,,,,,,,,,,,,,,,,,,,,,,,,,,,,,,,,,,,,,,,,,,,,,,,,,,,,,,3,15,60,4,5,2,1,
3/31/23 1:49,3/31/23 1:54,100,290,R_269ZDxRjKWQcOiV,1,2,42,male,male,3,1,2,,,,,3,2,,,,,,4,,,,3,,,,,,,2,,,,,,,3,,,,,,,,,,,,3,,,,,,2,,,,,,,,,,,,,3,,,,,,,,,,,,,,,,3,,,,,,,,,,,,,,,,,,,,,,,,,,,,,,,,,,,,,,,,,,,,,,,,,,,,,,,,,,,,,,,,,,,,,,,,,,,,,,,,,,,,,,,,,,,,,,,4,80,82,4,4,4,1,
3/31/23 1:41,3/31/23 2:02,100,1243,R_2aS7Onaw4vwyfKP,1,2,50,Male,male,2,1,1,,,1,,,,,,2,,2,,,,,,,,,2,,,,2,,,,3,,,,,,,,,,,,,,,3,,,,,,,,,,,,,3,,,,,,,,,4,,,,,3,,,,,,,,,,,,,,,,,,,,,,,,,,,,,,,,,,,,,,,,,,,,,,,,,,,,,,,,,,,,,,,,,,,,,,,,,,,,,,,,,,,,,,,,,,,,,,,,,,,,,,3,40,69,5,6,5,1,
3/31/23 2:01,3/31/23 2:05,100,287,R_1jZIsLB6D9NCJFd,1,2,44,female,female,3,1,1,,2,,,,,,,,3,,,,3,,,,,3,,,3,,,,,,,4,,,,,,,,,,,,,4,,,,,,,,,,,,4,,,,,,4,,,,,,,,,,,,,,,,4,,,,,,,,,,,,,,,,,,,,,,,,,,,,,,,,,,,,,,,,,,,,,,,,,,,,,,,,,,,,,,,,,,,,,,,,,,,,,,,,,,,,,,,,,,,,,,,,3,50,50,1,1,5,1,
3/31/23 2:00,3/31/23 2:06,100,359,R_umqcggyj2rEAlSp,1,2,65,Male,,6,1,2,,,,,,,,,,,,,,,,,,,,,,,,,,,,,,,,,,,,,,,,,,,,,,,,,,,,,,,,,,,,,,,,,,,,,,,,,,,,,,,,,4,,,,,3,,,,4,,,,,,,,,2,,,,2,,,,,,,,,,,,,,2,,,,,,,,,,4,,,,,,,,,,,,,2,,,,,,,,,,,,,,,,,,4,,,,2,,,,,,,,,,7,90,20,5,6,5,1,
3/31/23 2:24,3/31/23 2:30,100,371,R_2EGYOT28OanDbwC,1,2,61,female,female,2,1,1,,,,1,,,,,1,,3,,,,,3,,,,,2,,,,,,5,,,,,,,,,,,,,,,,5,,,,,,5,,,,,,,,,,,,,5,,,,,,5,,,,,,,,,,,,,,,,,,,,,,,,,,,,,,,,,,,,,,,,,,,,,,,,,,,,,,,,,,,,,,,,,,,,,,,,,,,,,,,,,,,,,,,,,,,,,,,,,,,,,,,,2,40,75,5,5,5,1,none
3/31/23 2:47,3/31/23 2:52,100,287,R_0eSNgLwo9ptbPWh,1,2,32,female,female,1,2,1,3,,,,,,,2,,,,,,,3,,,,,3,,,2,,,3,,,,,,,,,,,,,,,5,,,,,,5,,,,,,,,,,,,,,5,,,,,,,,,,,,,,5,,,,,,,,,,,,,,,,,,,,,,,,,,,,,,,,,,,,,,,,,,,,,,,,,,,,,,,,,,,,,,,,,,,,,,,,,,,,,,,,,,,,,,,,,,,,,,,,,1,50,50,1,4,4,1,
3/31/23 3:01,3/31/23 3:06,100,304,R_27IGJbU8m983Hby,1,2,74,male,male,2,2,1,,1,,,,,2,,,,,1,,,,,,,2,,,1,,,,,,,,,,5,,,,,,,5,,,,,,,,,,,4,,,,,,,,,,,,,,,5,,,,,,,,5,,,,,,,,,,,,,,,,,,,,,,,,,,,,,,,,,,,,,,,,,,,,,,,,,,,,,,,,,,,,,,,,,,,,,,,,,,,,,,,,,,,,,,,,,,,,,,,,,,,2,19,34,2,5,6,1,
3/31/23 3:09,3/31/23 3:13,100,249,R_vjDjBUwuPHrcqe5,1,2,30,male,male,3,1,1,,,,,2,,,,4,,,,,1,,,2,,,,3,,,,,,,,,3,,,,,,,,,,,,,,4,,,,,,,,,,,4,,,3,,,,,,,,,,,,,3,,,,,,,,,,,,,,,,,,,,,,,,,,,,,,,,,,,,,,,,,,,,,,,,,,,,,,,,,,,,,,,,,,,,,,,,,,,,,,,,,,,,,,,,,,,,,,,,,,,,,3,30,50,6,5,4,1,
3/31/23 3:18,3/31/23 3:22,100,242,R_3CCthYxM9BpeIhB,1,2,37,Male,male,2,2,2,,,2,,,,3,,,,,,1,,,,,2,,,,,,,3,,,,,,,5,,,,,,,,4,,,,,,,,,,,,,,,,5,,,,5,,,,,,,,,,,,,,,,5,,,,,,,,,,,,,,,,,,,,,,,,,,,,,,,,,,,,,,,,,,,,,,,,,,,,,,,,,,,,,,,,,,,,,,,,,,,,,,,,,,,,,,,,,,,,,,,,2,10,65,2,5,4,1,
3/31/23 3:25,3/31/23 3:28,100,165,R_2ALJIroxYdTnXgu,1,2,29,male,male,3,1,1,,,,1,,,,,,1,,,,,1,,,,1,,,,,1,,,,,,,,,,,4,,,,,,,,,,,5,,,,,,,5,,,,,,,,,,,,,,4,,,,4,,,,,,,,,,,,,,,,,,,,,,,,,,,,,,,,,,,,,,,,,,,,,,,,,,,,,,,,,,,,,,,,,,,,,,,,,,,,,,,,,,,,,,,,,,,,,,,,,,,,,3,17,40,2,2,6,1,The attention check at the start of the survey involving Dan and Ted is wrong. The answer that you have to select in order to proceed is not what the correct answer should be.
3/31/23 3:30,3/31/23 3:37,100,361,R_sGtlE2VKuFllRvz,1,2,35,Male,male,3,2,1,,,1,,,2,,,,,1,,,,,,3,,,,,,,1,,,,,,,,,,,,5,5,,,,,,,,,,,,,,,3,,,,,,,,,,,,5,,,,,,,,,,,,,3,,,,,,,,,,,,,,,,,,,,,,,,,,,,,,,,,,,,,,,,,,,,,,,,,,,,,,,,,,,,,,,,,,,,,,,,,,,,,,,,,,,,,,,,,,,,,,,4,40,60,2,4,6,1,
3/31/23 3:36,3/31/23 3:40,100,208,R_2rD5b6XYNTrZZAp,1,2,52,female,female,1,1,1,,,,,4,,,2,,,,2,,,,3,,,,,,,,,1,,,,,,,,,5,,,,,,,,,,,5,,,,,,,,,,,,5,,,,,,,,,5,,,5,,,,,,,,,,,,,,,,,,,,,,,,,,,,,,,,,,,,,,,,,,,,,,,,,,,,,,,,,,,,,,,,,,,,,,,,,,,,,,,,,,,,,,,,,,,,,,,,,,,,,,,1,1,91,6,7,2,1,"some tweets weren't directly against Dem's policies, just them in general "
3/31/23 4:06,3/31/23 4:11,100,306,R_09wm9hhQjviyQYV,1,2,35,Male,male,3,2,1,1,,,,,,3,,,,,,,2,,,,2,,,,,1,,,,,,,,,,5,,,,,5,,,,,,,,,,,,,,,,5,,,,,1,,,,,,,,,,,,,5,,,,,,,,,,,,,,,,,,,,,,,,,,,,,,,,,,,,,,,,,,,,,,,,,,,,,,,,,,,,,,,,,,,,,,,,,,,,,,,,,,,,,,,,,,,,,,,,,,,,3,35,71,5,6,5,1,
3/31/23 4:12,3/31/23 4:19,100,416,R_3gMavzSyia6wn3C,1,2,41,Male,male,2,1,2,,,,2,,,,,,4,,,1,,,,,,,1,1,,,,,,,,,,5,,,,,,,,,,,,,5,,,4,,,,,,,,,,,,,,,5,,,,,,,,,,,3,,,,,,,,,,,,,,,,,,,,,,,,,,,,,,,,,,,,,,,,,,,,,,,,,,,,,,,,,,,,,,,,,,,,,,,,,,,,,,,,,,,,,,,,,,,,,,,,,,,1,1,24,6,5,1,1,
3/31/23 4:12,3/31/23 4:20,100,508,R_vcLQJCvylmZayZP,1,2,58,female,female,1,1,1,,1,,,,,,,1,,,,,,1,,,1,,,,1,,,,5,,,,,,,,,,,,,5,,,,,,,,,,5,,,,,,,,,,,,,5,,,,,,,,,,,,,5,,,,,,,,,,,,,,,,,,,,,,,,,,,,,,,,,,,,,,,,,,,,,,,,,,,,,,,,,,,,,,,,,,,,,,,,,,,,,,,,,,,,,,,,,,,,,,,,,2,40,67,2,6,5,1,
3/31/23 4:24,3/31/23 4:29,100,330,R_12ovomZNYaXB5DQ,1,2,40,Male,male,1,1,1,,,,,1,,,1,,,2,,,,,1,,,,,,,3,,,,,,5,,,,,,,,,,,,,,,,5,,,5,,,,,,,,,,,,,,,,,,5,,,,,,,,5,,,,,,,,,,,,,,,,,,,,,,,,,,,,,,,,,,,,,,,,,,,,,,,,,,,,,,,,,,,,,,,,,,,,,,,,,,,,,,,,,,,,,,,,,,,,,,,,,,1,9,100,1,6,5,1,
3/31/23 4:34,3/31/23 4:41,100,418,R_Req7iniJp5ObaqB,1,2,31,Male,male,2,2,1,,,1,,,,,1,,,,1,,,,,,,,1,,1,,,,,,,5,,,,,,,,,,,,,4,,,,,,,,,4,,,,,,,,,4,,,,,,,,,,,,,,,,,,5,,,,,,,,,,,,,,,,,,,,,,,,,,,,,,,,,,,,,,,,,,,,,,,,,,,,,,,,,,,,,,,,,,,,,,,,,,,,,,,,,,,,,,,,,,,,,,1,20,90,1,2,5,1,
3/31/23 4:35,3/31/23 4:42,100,460,R_3RyeoURI4bCf9Uk,1,2,58,male,male,2,2,1,,2,,,,3,,,,,,,3,,,,,,2,,2,,,,,,,3,,,,,,,,,,,,2,,,,,,,,,4,,,,,,,,,3,,,,,,,,,,,,5,,,,,,,,,,,,,,,,,,,,,,,,,,,,,,,,,,,,,,,,,,,,,,,,,,,,,,,,,,,,,,,,,,,,,,,,,,,,,,,,,,,,,,,,,,,,,,,,,,,,,,3,2,64,6,7,2,1,Dems are trying to destroy the human race by breeding and rewarding ignorance and they ride on the back of a black beast.
3/31/23 4:53,3/31/23 5:01,100,441,R_3oAaw4gfo3TmcGc,1,2,49,Male,male,3,1,2,2,,,,,,,,2,,,,,3,,,2,,,,,,,,2,,,5,,,,,,,,,,,,,4,,,,,,,4,,,,,,,,,,,,,5,,,,,,,5,,,,,,,,,,,,,,,,,,,,,,,,,,,,,,,,,,,,,,,,,,,,,,,,,,,,,,,,,,,,,,,,,,,,,,,,,,,,,,,,,,,,,,,,,,,,,,,,,,,,,,,,2,35,48,4,6,5,1,Thank you!
3/31/23 4:57,3/31/23 5:03,100,391,R_1eVojKnrRx6IR4C,1,2,61,Female,female,2,2,1,,,,3,,,3,,,,,,,3,,3,,,,,,,,1,,5,,,,,,,,,,,3,,,,,,,,,,,,,,,5,,,,,,,,,,,,5,,,,5,,,,,,,,,,,,,,,,,,,,,,,,,,,,,,,,,,,,,,,,,,,,,,,,,,,,,,,,,,,,,,,,,,,,,,,,,,,,,,,,,,,,,,,,,,,,,,,,,,,,,,,,2,40,40,1,4,4,1,
3/31/23 4:59,3/31/23 5:06,100,380,R_2ZHBck6mEpwLF2P,1,2,62,male,male,2,2,1,,,4,,,,,,,3,3,,,,,,,,3,,,,2,,,,,,,,,,,,4,,,,,,,,5,,,,5,,,,,,,,,,,,,,,,,,5,,,,,,4,,,,,,,,,,,,,,,,,,,,,,,,,,,,,,,,,,,,,,,,,,,,,,,,,,,,,,,,,,,,,,,,,,,,,,,,,,,,,,,,,,,,,,,,,,,,,,,,,,,,,3,10,70,4,5,2,1,
3/31/23 5:07,3/31/23 5:12,100,273,R_3EsC61bBC1qNRQS,1,2,35,Male,male,3,1,2,,,,,3,3,,,,,,3,,,,,,4,,,,3,,,,,,,,5,,,,,,,,5,,,,,,,,,,,,,,,,,,5,,,5,,,,,,,,,,,,,,,,,,5,,,,,,,,,,,,,,,,,,,,,,,,,,,,,,,,,,,,,,,,,,,,,,,,,,,,,,,,,,,,,,,,,,,,,,,,,,,,,,,,,,,,,,,,,,,,,,,3,60,69,5,5,7,1,
3/31/23 5:11,3/31/23 5:14,100,205,R_1Lv750nkzXeWbny,1,2,29,male,male,1,1,2,2,,,,,2,,,,,,,2,,,,1,,,,,,,1,,,,,,,,,,,,5,,,,,,,,,,5,,,,,,,,,5,,,,,,,,,,,,5,,,,,,,,5,,,,,,,,,,,,,,,,,,,,,,,,,,,,,,,,,,,,,,,,,,,,,,,,,,,,,,,,,,,,,,,,,,,,,,,,,,,,,,,,,,,,,,,,,,,,,,,,,1,10,70,5,7,5,1,
3/31/23 5:26,3/31/23 5:32,100,342,R_1Pc8u5ShinDhdMG,1,2,34,male,male,2,1,2,,3,,,,,,,2,,,,,,4,,,,,4,4,,,,,,,,,,4,,,,,,,3,,,,,,,,,,,,,4,,,,,,,,,,,,3,,,,,,,,,,3,,,,,,,,,,,,,,,,,,,,,,,,,,,,,,,,,,,,,,,,,,,,,,,,,,,,,,,,,,,,,,,,,,,,,,,,,,,,,,,,,,,,,,,,,,,,,,,,,,,3,65,59,3,3,5,1,
3/31/23 5:33,3/31/23 5:38,100,314,R_3oZaHNeTDhlaLaN,1,2,26,female,female,2,1,1,,,3,,,,,,,4,,,2,,,,,,,2,,,,,2,,,,,,,,4,,,,5,,,,,,,,,,,,,,,,,,,,4,,,,,,,,,,5,,,,,,,,,,,5,,,,,,,,,,,,,,,,,,,,,,,,,,,,,,,,,,,,,,,,,,,,,,,,,,,,,,,,,,,,,,,,,,,,,,,,,,,,,,,,,,,,,,,,,,,,,,2,19,67,4,4,5,1,
3/31/23 5:36,3/31/23 5:39,100,177,R_ptv8mSFNK0zAkWl,1,2,36,Male,,4,1,2,,,,,,,,,,,,,,,,,,,,,,,,,,,,,,,,,,,,,,,,,,,,,,,,,,,,,,,,,,,,,,,,,,,,,,,,,,,,,,,3,,,,,,,,,3,,,3,,,,,3,,,,,,,,3,,,,,,3,,,,,,,,,,,,,,3,,,,,,,,,,,3,,,,,,,,,,,,,3,,,,,,,,,,,,,,,,,,3,,,,,,4,61,66,6,5,5,1,
3/31/23 5:35,3/31/23 5:42,100,384,R_2SHpFnndZiB06wQ,1,2,60,female,female,2,1,1,,,,1,,,,2,,,,1,,,,,,4,,,,2,,,,,,,,,,,,5,,,,,,,,,,,,5,,,,5,,,,,,,,,,5,,,,,,,,,,5,,,,,,,,,,,,,,,,,,,,,,,,,,,,,,,,,,,,,,,,,,,,,,,,,,,,,,,,,,,,,,,,,,,,,,,,,,,,,,,,,,,,,,,,,,,,,,,,,,,,,,2,65,75,2,5,7,1,
3/31/23 5:10,3/31/23 5:47,100,2215,R_1GIhXZtErItjdVw,1,2,31,Male,male,2,2,2,,,,2,,,1,,,,,,,4,,,1,,,,,,,,2,,5,,,,,,,,,,,,,,,,,5,,,,,,,,,,4,,,,,,,,,,,,5,,,,,,,,,,5,,,,,,,,,,,,,,,,,,,,,,,,,,,,,,,,,,,,,,,,,,,,,,,,,,,,,,,,,,,,,,,,,,,,,,,,,,,,,,,,,,,,,,,,,,,,,,,,2,10,89,4,6,3,1,
3/31/23 5:43,3/31/23 5:55,100,692,R_23UKYF8XSCx4tUJ,1,2,40,male,male,3,1,2,,2,,,,,,,3,,2,,,,,,,,3,,2,,,,,,,,,,,5,,,,,,,,,,,5,,,,,,4,,,,,,,,,,,,,,,,5,,,,,,,5,,,,,,,,,,,,,,,,,,,,,,,,,,,,,,,,,,,,,,,,,,,,,,,,,,,,,,,,,,,,,,,,,,,,,,,,,,,,,,,,,,,,,,,,,,,,,,,,,,,,3,42,47,5,4,5,1,
3/31/23 5:44,3/31/23 5:58,100,819,R_3fBhVQEZEpkAbVw,1,2,48,cisgender female/woman,female,2,1,1,,,,,2,2,,,,,,,,,1,1,,,,,,,,1,,,,,,,5,,,,,,,,,,,5,,,,,,,,,,,5,,,,,5,,,,,,,,,,,,,,,,5,,,,,,,,,,,,,,,,,,,,,,,,,,,,,,,,,,,,,,,,,,,,,,,,,,,,,,,,,,,,,,,,,,,,,,,,,,,,,,,,,,,,,,,,,,,,,,,,,,2,99,99,5,2,6,1,Thanks!
3/31/23 5:52,3/31/23 5:59,100,383,R_YRArxxCdCeWTwsh,1,2,40,Male,male,2,2,1,3,,,,,,,3,,,,,,,3,,3,,,,,,3,,,,,,5,,,,,,,,,,,,5,,,,,,,,,,,4,,,,,,,,,,,5,,,,,,4,,,,,,,,,,,,,,,,,,,,,,,,,,,,,,,,,,,,,,,,,,,,,,,,,,,,,,,,,,,,,,,,,,,,,,,,,,,,,,,,,,,,,,,,,,,,,,,,,,,,,,,1,10,50,1,4,5,1,
3/31/23 5:52,3/31/23 6:00,100,503,R_1H8DgWNOlagZ5cI,1,2,31,Male,male,2,1,1,,,,,1,,2,,,,,,1,,,1,,,,,,,,,2,,,,,,,5,,,,,,,5,,,,,,,,,,,,,,5,,,,,,4,,,,,,,,,,,5,,,,,,,,,,,,,,,,,,,,,,,,,,,,,,,,,,,,,,,,,,,,,,,,,,,,,,,,,,,,,,,,,,,,,,,,,,,,,,,,,,,,,,,,,,,,,,,,,,,,,,2,38,82,3,6,6,1,
3/31/23 5:59,3/31/23 6:05,100,370,R_3dRKIPDfoUoISo0,1,2,61,male,male,2,2,1,,,2,,,,,,,2,1,,,,,,,,2,,1,,,,,,5,,,,,,,,,,,,,5,,,,,,,,,,,5,,,,,,,,,,,,,5,,,,,5,,,,,,,,,,,,,,,,,,,,,,,,,,,,,,,,,,,,,,,,,,,,,,,,,,,,,,,,,,,,,,,,,,,,,,,,,,,,,,,,,,,,,,,,,,,,,,,,,,,,,,,2,34,61,2,6,5,1,
3/31/23 6:02,3/31/23 6:07,100,269,R_aeBGniNksdpD8DT,1,2,36,female,female,2,1,2,1,,,,,,,2,,,,,,1,,,,1,,,,1,,,,5,,,,,,,,,,,,,,,,,,,5,,,,,5,,,,,,,,,,,5,,,,,,,,,,,,,4,,,,,,,,,,,,,,,,,,,,,,,,,,,,,,,,,,,,,,,,,,,,,,,,,,,,,,,,,,,,,,,,,,,,,,,,,,,,,,,,,,,,,,,,,,,,,,,,,,2,15,70,1,5,4,1,
3/31/23 6:17,3/31/23 6:31,100,816,R_32Q1Yly0WFLwET6,1,2,63,female,female,3,2,1,,,,1,,,2,,,,,3,,,,,,,,3,,,3,,,,,,,,,,,,3,,,,,,,,,3,,,,,,,,,,,3,,,,,,,3,,,,,,,,,,,,,,3,,,,,,,,,,,,,,,,,,,,,,,,,,,,,,,,,,,,,,,,,,,,,,,,,,,,,,,,,,,,,,,,,,,,,,,,,,,,,,,,,,,,,,,,,,,,,,,,3,60,80,2,4,4,1,
3/31/23 6:25,3/31/23 6:32,100,457,R_eQo0f188ZxGNb4B,1,2,54,female,female,2,2,1,,2,,,,2,,,,,,2,,,,,,,,2,,,,2,,,,,,4,,,,,,,,4,,,,,,,,,,,,,,,,,,,4,,,,,5,,,,,,4,,,,,,,,,,,,,,,,,,,,,,,,,,,,,,,,,,,,,,,,,,,,,,,,,,,,,,,,,,,,,,,,,,,,,,,,,,,,,,,,,,,,,,,,,,,,,,,,,,,,,,,,2,30,85,2,5,5,1,
3/31/23 6:31,3/31/23 6:36,100,317,R_2fALQCsNDEPvWAv,1,2,27,MALE,male,2,1,1,,1,,,,,,,5,,,,5,,,,,4,,,1,,,,,,,,,,,,3,,,,,,,,,,,,,5,,,,,,,,3,,,,1,,,,,,,,,,,,,,,,,5,,,,,,,,,,,,,,,,,,,,,,,,,,,,,,,,,,,,,,,,,,,,,,,,,,,,,,,,,,,,,,,,,,,,,,,,,,,,,,,,,,,,,,,,,,,,,,,,,2,3,76,1,7,1,1,
3/31/23 6:37,3/31/23 6:42,100,339,R_1GK3DEbSdhsPoZZ,1,2,67,Male,male,1,1,2,,,,2,,,,,,2,,,,,1,,1,,,,,,2,,,,,,,,,,,3,,,4,,,,,,,,,,,1,,,,,,,,,,,,,,,,,,4,,,,,,2,,,,,,,,,,,,,,,,,,,,,,,,,,,,,,,,,,,,,,,,,,,,,,,,,,,,,,,,,,,,,,,,,,,,,,,,,,,,,,,,,,,,,,,,,,,,,,,,,,,,2,3,78,2,6,5,1,Thanks for the survey.
3/31/23 6:47,3/31/23 6:51,100,255,R_1QQpwPZixHrR8el,1,2,35,female,female,1,1,1,1,,,,,,,1,,,,,,1,,2,,,,,,,,1,,,,5,,,,,,,,,,,,,,,,,5,,5,,,,,,,,,,,,,,5,,,,,,,,,,,,5,,,,,,,,,,,,,,,,,,,,,,,,,,,,,,,,,,,,,,,,,,,,,,,,,,,,,,,,,,,,,,,,,,,,,,,,,,,,,,,,,,,,,,,,,,,,,,,,,,,2,11,74,1,4,5,1,
3/31/23 6:49,3/31/23 6:53,100,262,R_2wuWokaPN5T8Dfl,1,2,24,male,male,3,2,1,,,2,,,,,,2,,2,,,,,,,,2,,,2,,,,,,,,,,,,,,4,,,,,,,4,,,,,,,,,,,,,4,,,,,,,,,4,,,,,,,,,,,,4,,,,,,,,,,,,,,,,,,,,,,,,,,,,,,,,,,,,,,,,,,,,,,,,,,,,,,,,,,,,,,,,,,,,,,,,,,,,,,,,,,,,,,,,,,,,,,,5,71,81,2,3,5,1,
3/31/23 7:08,3/31/23 7:13,100,329,R_3I62jdhte1CPAuL,1,2,56,woman,female,3,2,1,,,,,2,1,,,,,,,1,,,,,,1,,,3,,,,,,,,,,,4,,,,,,5,,,,,,,,,,,,,,,,,,5,,,,,,,5,,,,,,,5,,,,,,,,,,,,,,,,,,,,,,,,,,,,,,,,,,,,,,,,,,,,,,,,,,,,,,,,,,,,,,,,,,,,,,,,,,,,,,,,,,,,,,,,,,,,,,,,,,,,,4,65,66,5,3,6,1,
3/31/23 7:04,3/31/23 7:15,100,657,R_33pYY1yLF3srf1H,1,2,55,femail,female,1,2,1,,,,,1,,,,,5,,,,,3,,,2,,,,,,,1,,,,,,,5,,,,,,,,,5,,,,,,,,,,,,,,4,,,,,,,,5,,,,,,,,,,,,,,,4,,,,,,,,,,,,,,,,,,,,,,,,,,,,,,,,,,,,,,,,,,,,,,,,,,,,,,,,,,,,,,,,,,,,,,,,,,,,,,,,,,,,,,,,,,,,,,2,30,91,3,6,3,1,
3/31/23 7:12,3/31/23 7:15,100,214,R_2D7zpckykrwxad7,1,2,38,male,male,3,2,1,1,,,,,,2,,,,1,,,,,,1,,,,,,,,1,,,5,,,,,,,,,,,,,,5,,,,,,,,,,,,,,5,,,4,,,,,,,,,,,,5,,,,,,,,,,,,,,,,,,,,,,,,,,,,,,,,,,,,,,,,,,,,,,,,,,,,,,,,,,,,,,,,,,,,,,,,,,,,,,,,,,,,,,,,,,,,,,,,,,,,,2,15,33,4,5,2,1,
3/31/23 7:21,3/31/23 7:26,100,317,R_1f8Hlv8OpvmbMdr,1,2,66,Male,male,2,1,2,,,,1,,2,,,,,,,,1,,1,,,,,,,,1,,,,,,,,,,,5,,,,,4,,,,,,,,,5,,,,,,,,,,,5,,,,,,,,,,,,,,,,,5,,,,,,,,,,,,,,,,,,,,,,,,,,,,,,,,,,,,,,,,,,,,,,,,,,,,,,,,,,,,,,,,,,,,,,,,,,,,,,,,,,,,,,,,,,,,,,,2,40,85,2,6,5,1,I don't think disagreeing with an opponent is necessarily negative or dismissive.
3/31/23 7:23,3/31/23 7:27,100,280,R_1hywMbObJ1rYLUF,1,2,26,Male,male,3,1,1,,1,,,,,2,,,,,1,,,,,,,,1,,,,1,,,4,,,,,,,,,,,,,,4,,,,,,,,,,5,,,,,,,,,,,,,,,,5,,4,,,,,,,,,,,,,,,,,,,,,,,,,,,,,,,,,,,,,,,,,,,,,,,,,,,,,,,,,,,,,,,,,,,,,,,,,,,,,,,,,,,,,,,,,,,,,,,,,,,,,,,4,34,59,7,4,4,1,
3/31/23 7:31,3/31/23 7:35,100,271,R_x61H0lbovqbyVz3,1,2,34,female,female,2,2,1,,2,,,,,,1,,,,,2,,,,,,2,,,,2,,,,,,4,,,,,,,,,,5,,,,,,,,,4,,,,,,,,,,,5,,,,,,,,,,,,,,,4,,,,,,,,,,,,,,,,,,,,,,,,,,,,,,,,,,,,,,,,,,,,,,,,,,,,,,,,,,,,,,,,,,,,,,,,,,,,,,,,,,,,,,,,,,,,,,,,,,2,71,85,3,6,4,1,
3/31/23 7:38,3/31/23 7:41,100,185,R_2ZNutOo78tm0RgG,1,2,35,female,female,2,2,1,,,,2,,,,,4,,3,,,,,1,,,,,4,,,,,,,,,,,,,,,5,5,,,,,,,,,,,,,,,4,,,,,,,,,,,,,,,4,,,,,5,,,,,,,,,,,,,,,,,,,,,,,,,,,,,,,,,,,,,,,,,,,,,,,,,,,,,,,,,,,,,,,,,,,,,,,,,,,,,,,,,,,,,,,,,,,,,,,,,,,,3,24,90,2,4,4,1,
3/31/23 7:25,3/31/23 7:46,100,1225,R_1gUPMzv5GnDhAhC,1,2,44,Male,male,1,2,1,,,2,,,,,,,3,,,,2,,,,3,,,,,3,,,,,,,,5,,,,,,,,,,,,,5,,,,,,3,,,,,,,,,,,5,,,,,,,,,3,,,,,,,,,,,,,,,,,,,,,,,,,,,,,,,,,,,,,,,,,,,,,,,,,,,,,,,,,,,,,,,,,,,,,,,,,,,,,,,,,,,,,,,,,,,,,,,,,,,,,,1,20,80,4,5,4,1,
3/31/23 7:43,3/31/23 7:51,100,514,R_3hEGmT7HJO1AQ7Z,1,2,58,Male,male,3,1,1,,,1,,,,,,3,,,2,,,,,,,,1,,,,,1,,,,,2,,,,,,,,,,,,,,,4,,3,,,,,,,,,,,,,,,,,4,,,,,,,,,,,3,,,,,,,,,,,,,,,,,,,,,,,,,,,,,,,,,,,,,,,,,,,,,,,,,,,,,,,,,,,,,,,,,,,,,,,,,,,,,,,,,,,,,,,,,,,,,,,,,3,70,80,2,4,7,1, 
3/31/23 7:55,3/31/23 7:59,100,259,R_UiNJw3HvGO27Xc5,1,2,61,Make,male,3,1,1,2,,,,,,,,,3,,,,,3,,3,,,,,2,,,,,,,,,,,,5,,,,,,,,,,,,5,,,,,,,5,,,,,,,,,5,,,,,,,,,,,5,,,,,,,,,,,,,,,,,,,,,,,,,,,,,,,,,,,,,,,,,,,,,,,,,,,,,,,,,,,,,,,,,,,,,,,,,,,,,,,,,,,,,,,,,,,,,,,,,,,4,53,60,4,5,5,1,Would have liked to have seen a few democrats
3/31/23 7:56,3/31/23 8:01,100,333,R_2CCIp9C3P44AQ6s,1,2,41,Female,female,1,2,1,,,,,2,2,,,,,,,,,1,,1,,,,2,,,,,,,,,,,,,4,,,,5,,,,,,,,,,,,,,,,4,,,,,,,,,,,,5,,4,,,,,,,,,,,,,,,,,,,,,,,,,,,,,,,,,,,,,,,,,,,,,,,,,,,,,,,,,,,,,,,,,,,,,,,,,,,,,,,,,,,,,,,,,,,,,,,,,,,,,,,,2,0,75,4,6,5,1,
3/31/23 8:01,3/31/23 8:08,100,418,R_21FZ63fDwLsJvoJ,1,2,52,Female,female,1,1,2,,,,,1,,,1,,,,,1,,,,,1,,,,,,,1,,,,,,,,3,,,,,,,,,,4,,,,,,,,,,1,,,,,,,,,,,,4,,,,,,,,,,,4,,,,,,,,,,,,,,,,,,,,,,,,,,,,,,,,,,,,,,,,,,,,,,,,,,,,,,,,,,,,,,,,,,,,,,,,,,,,,,,,,,,,,,,,,,,,,,,,2,60,90,2,5,4,1,enjoyed the survey
3/31/23 8:03,3/31/23 8:08,100,328,R_2BfFHE8sb6k5m6p,1,2,35,Male,male,3,1,1,,,4,,,,3,,,,3,,,,,,,,,2,1,,,,,5,,,,,,,,,,,,,,,,5,,,,,5,,,,,,,,,,,,,4,,,,,,,,,,,,,,,,,,5,,,,,,,,,,,,,,,,,,,,,,,,,,,,,,,,,,,,,,,,,,,,,,,,,,,,,,,,,,,,,,,,,,,,,,,,,,,,,,,,,,,,,,,,,,,,,,3,40,40,5,2,6,1,No comment.
3/31/23 8:13,3/31/23 8:20,100,385,R_2cnL0etfXLngLc9,1,2,26,Female,female,2,2,1,1,,,,,,,,1,,,,,2,,,,5,,,,,,2,,,,5,,,,,,,,,,,,,5,,,,,,,5,,,,,,,,,,5,,,,,,,,,,,,,,,,,,,5,,,,,,,,,,,,,,,,,,,,,,,,,,,,,,,,,,,,,,,,,,,,,,,,,,,,,,,,,,,,,,,,,,,,,,,,,,,,,,,,,,,,,,,,,,,,,,,2,100,100,4,4,6,1,
3/31/23 8:15,3/31/23 8:20,100,307,R_2Ba3JlfdzFqCyUZ,1,2,24,Male,male,3,1,1,,1,,,,1,,,,,,,,1,,1,,,,,,2,,,,,,,,,,3,,,,,,,,3,,,,,,,,,5,,,,,,,,,,,,,,3,,,,,,,3,,,,,,,,,,,,,,,,,,,,,,,,,,,,,,,,,,,,,,,,,,,,,,,,,,,,,,,,,,,,,,,,,,,,,,,,,,,,,,,,,,,,,,,,,,,,,,,,,,,,,,2,30,76,7,7,5,1,A comment about what?
3/31/23 8:08,3/31/23 8:23,100,901,R_2Vz78OaKQnZg5OY,1,2,53,female,female,1,1,2,,,,3,,,,,,3,,3,,,,,,,2,,,,2,,,,,,,,,,,,5,,,,,5,,,,,,,,,,,4,,,,,,,,4,,,,,,,,,,,,,5,,,,,,,,,,,,,,,,,,,,,,,,,,,,,,,,,,,,,,,,,,,,,,,,,,,,,,,,,,,,,,,,,,,,,,,,,,,,,,,,,,,,,,,,,,,,,,,,,,,,1,3,90,2,5,5,1,
3/31/23 8:18,3/31/23 8:23,100,295,R_2fwKbwdOvrn07EE,1,2,29,male,male,2,2,1,,3,,,,,3,,,,3,,,,,,,,3,,,,,1,,,5,,,,,,,,,,3,,,,,,,,,,,,,,,4,,,,,,,,,,,,,4,,,,,,4,,,,,,,,,,,,,,,,,,,,,,,,,,,,,,,,,,,,,,,,,,,,,,,,,,,,,,,,,,,,,,,,,,,,,,,,,,,,,,,,,,,,,,,,,,,,,,,,,,,,,2,30,70,4,4,4,1,
3/31/23 8:32,3/31/23 8:45,100,762,R_2YslDuFxMP2ddB4,1,2,59,female,female,1,1,1,,,1,,,,,3,,,,,,,1,,1,,,,,1,,,,,,,4,,,,,,,,,,,,,,,,,5,,,,,,,,,5,,,,,,4,,,,,,,,,,,,5,,,,,,,,,,,,,,,,,,,,,,,,,,,,,,,,,,,,,,,,,,,,,,,,,,,,,,,,,,,,,,,,,,,,,,,,,,,,,,,,,,,,,,,,,,,,,,,,,,,4,43,91,2,4,5,1,
3/31/23 8:44,3/31/23 8:50,100,392,R_RfTe1k649MCQCg9,1,2,37,male,male,3,2,1,,,,,4,,,1,,,,,1,,,2,,,,,2,,,,,,,,,,5,,,,,,,,,,,5,,,,,,,,5,,,,,,,,,,,,5,,,,,,5,,,,,,,,,,,,,,,,,,,,,,,,,,,,,,,,,,,,,,,,,,,,,,,,,,,,,,,,,,,,,,,,,,,,,,,,,,,,,,,,,,,,,,,,,,,,,,,,,,,,,,,,3,15,20,2,5,5,1,
3/31/23 8:59,3/31/23 9:04,100,253,R_231zY5HHOWgSQgR,1,2,23,Male,male,3,1,1,,,,2,,,,,,3,,2,,,,,,,,2,,,1,,,,,,,,,,,,,4,,,4,,,,,,,,,,,,,,,4,,,,,,,,,,,,5,,,5,,,,,,,,,,,,,,,,,,,,,,,,,,,,,,,,,,,,,,,,,,,,,,,,,,,,,,,,,,,,,,,,,,,,,,,,,,,,,,,,,,,,,,,,,,,,,,,,,,,,,,,3,56,66,5,5,7,1,n/a
3/31/23 8:55,3/31/23 9:07,100,704,R_wRlsEzeRmx0iTm1,1,2,39,female,female,3,1,1,1,,,,,,1,,,,,1,,,,,,,,2,,,,,1,4,,,,,,,,,,,,,,,,,5,,,,,,,,,,,,,,5,,,,,,,4,,,,,,,,,,,5,,,,,,,,,,,,,,,,,,,,,,,,,,,,,,,,,,,,,,,,,,,,,,,,,,,,,,,,,,,,,,,,,,,,,,,,,,,,,,,,,,,,,,,,,,,,,,,,,5,50,54,2,2,7,1,
3/31/23 9:06,3/31/23 9:09,100,191,R_2fwJNJ2sEfXFRKi,1,2,31,female,female,2,2,1,,,5,,,,,,3,,,,3,,,,2,,,,,,,,5,,,,,5,,,,,,,,,,,,,,,5,,,,,,,,,,,4,,,,3,,,,,,,,,,,,,,,,,,3,,,,,,,,,,,,,,,,,,,,,,,,,,,,,,,,,,,,,,,,,,,,,,,,,,,,,,,,,,,,,,,,,,,,,,,,,,,,,,,,,,,,,,,,,,,,,,2,1,81,3,5,4,1,
3/31/23 9:11,3/31/23 9:17,100,355,R_2sR7YgpjiPZdOfw,1,2,33,female,female,3,1,1,,,,,2,2,,,,,,,,1,,,,,2,,2,,,,,,,,,,,,5,,,,,,,,,,,4,,,4,,,,,,,,,,,,,,,,,,,,5,,,,,,,5,,,,,,,,,,,,,,,,,,,,,,,,,,,,,,,,,,,,,,,,,,,,,,,,,,,,,,,,,,,,,,,,,,,,,,,,,,,,,,,,,,,,,,,,,,,,,,,,,,3,60,71,3,3,5,1,
3/31/23 9:21,3/31/23 9:23,100,143,R_3gMdVAHRvNgM1cL,1,2,43,female,female,3,1,1,,,,1,,,2,,,,,,,,1,2,,,,,,,,3,,,,,5,,,,,,,,,5,,,,,,,,,,,,5,,,,,,,,,,,,,5,,,,,,,,,,,,,5,,,,,,,,,,,,,,,,,,,,,,,,,,,,,,,,,,,,,,,,,,,,,,,,,,,,,,,,,,,,,,,,,,,,,,,,,,,,,,,,,,,,,,,,,,,,,,,,3,79,81,5,4,7,1,
3/31/23 9:54,3/31/23 10:00,100,379,R_271LKAFvvMQeNjk,1,2,61,Female,female,2,1,2,,1,,,,1,,,,,1,,,,,,,3,,,,,3,,,,,,,,,,,,,3,,,,,,4,,,,,,3,,,,,,,,,,3,,,,,,,,,,3,,,,,,,,,,,,,,,,,,,,,,,,,,,,,,,,,,,,,,,,,,,,,,,,,,,,,,,,,,,,,,,,,,,,,,,,,,,,,,,,,,,,,,,,,,,,,,,,,,,,,,,,2,25,81,3,4,5,1,
3/31/23 10:42,3/31/23 10:48,100,328,R_wRln3nfXKWvIEY9,1,2,58,Female,female,1,2,1,1,,,,,,,,,1,,,,,1,1,,,,,,1,,,,,5,,,,,,,,,,,,,5,,,,,,,,,5,,,,,,,,,,5,,,,,,,,,,,,,,,,,5,,,,,,,,,,,,,,,,,,,,,,,,,,,,,,,,,,,,,,,,,,,,,,,,,,,,,,,,,,,,,,,,,,,,,,,,,,,,,,,,,,,,,,,,,,,,,,,,1,0,95,6,6,3,1,
3/31/23 10:49,3/31/23 10:54,100,294,R_1fj5WiJluGLZq9b,1,2,31,female,female,3,2,1,,3,,,,,,4,,,,,4,,,,,,4,,,,3,,,,,,,,,4,,,,,,,,,,,2,,,,,,,,,2,,,,,,3,,,,,,,,,,,,4,,,,,,,,,,,,,,,,,,,,,,,,,,,,,,,,,,,,,,,,,,,,,,,,,,,,,,,,,,,,,,,,,,,,,,,,,,,,,,,,,,,,,,,,,,,,,,,,,,,,,,4,50,50,4,5,4,1,
3/31/23 11:02,3/31/23 11:06,100,252,R_21gMLEH08C8cPlT,1,2,34,Female,female,3,1,2,1,,,,,,,,2,,1,,,,,,,1,,,,,,,2,,,4,,,,,,,,,,4,,,,,,,,,,,,,,,5,,,,,,,,,4,,,,,,,,,,,,,5,,,,,,,,,,,,,,,,,,,,,,,,,,,,,,,,,,,,,,,,,,,,,,,,,,,,,,,,,,,,,,,,,,,,,,,,,,,,,,,,,,,,,,,,,,,,,,,,,4,79,90,1,4,6,1,Interesting
3/31/23 11:15,3/31/23 11:20,100,286,R_exrJdaLSzI0pFqp,1,2,41,female,female,1,1,1,,,,1,,,,2,,,,,,1,,,1,,,,,2,,,,,,,,,,,,5,,,,,,,,,,4,,,,,,,,,,,,,4,,,4,,,,,,,,,,,,,,,,,5,,,,,,,,,,,,,,,,,,,,,,,,,,,,,,,,,,,,,,,,,,,,,,,,,,,,,,,,,,,,,,,,,,,,,,,,,,,,,,,,,,,,,,,,,,,,,,,1,0,92,4,6,1,1,
3/31/23 11:22,3/31/23 11:25,100,171,R_2tgH8Lc1v3rh776,1,2,31,female,female,3,1,1,,,,,3,,,,2,,,2,,,,,,,,3,3,,,,,,,,,,3,,,,,,,,3,,,,,,,,,,,,3,,,,,,,,,,,,,,,4,,,1,,,,,,,,,,,,,,,,,,,,,,,,,,,,,,,,,,,,,,,,,,,,,,,,,,,,,,,,,,,,,,,,,,,,,,,,,,,,,,,,,,,,,,,,,,,,,,,,,,,,,,,7,50,48,4,4,4,1,na
3/31/23 11:25,3/31/23 11:33,100,476,R_1liZAy19n898u2v,1,2,20,female,female,2,2,1,,,2,,,,,,,2,,,2,,,2,,,,,,,,2,,4,,,,,,,,,,,,,,,,,,,,4,,,,,,,,3,,,,,,,,,,5,,,,,,,,,,3,,,,,,,,,,,,,,,,,,,,,,,,,,,,,,,,,,,,,,,,,,,,,,,,,,,,,,,,,,,,,,,,,,,,,,,,,,,,,,,,,,,,,,,,,,,,,,,,,,2,50,88,2,6,5,1,
3/31/23 11:28,3/31/23 11:37,100,566,R_3sidpBmjajwcQfP,1,2,50,Female,female,1,1,1,,,4,,,,3,,,,1,,,,,,,1,,,,,3,,,,,,,2,,,,,,,,,,,,,,,5,,,,,,,,,,,5,,,,,,,4,,,,,,,,,,5,,,,,,,,,,,,,,,,,,,,,,,,,,,,,,,,,,,,,,,,,,,,,,,,,,,,,,,,,,,,,,,,,,,,,,,,,,,,,,,,,,,,,,,,,,,,,,,,,,,1,12,42,2,3,5,1,I didn't have any problems. 
3/31/23 11:42,3/31/23 11:53,100,633,R_1LwBhhdOH0xisPt,1,2,53,female,female,2,1,2,,,,,1,3,,,,,,,,1,,,,,,2,,1,,,,,,,,,,,,,5,,,,,,4,,,,,,,,,,,,,,3,,,,,,,,,,5,,,,,,,,,,,,,5,,,,,,,,,,,,,,,,,,,,,,,,,,,,,,,,,,,,,,,,,,,,,,,,,,,,,,,,,,,,,,,,,,,,,,,,,,,,,,,,,,,,,,,,,,,,,,2,30,80,1,5,3,1,"I usually don't get ""into"" politics much but I have strong feelings about abortion. If you hadn't brought that subject up, I probably would've answered differently!"
3/31/23 11:54,3/31/23 11:58,100,255,R_2zhGbMQqaNTkJ60,1,2,28,Female,female,2,1,2,1,,,,,,2,,,,,,,,2,,,,2,,,,,2,,,,,,,,,,,,5,4,,,,,,,,,,,,5,,,,,,,,,,,,,,,,,,5,,,,,5,,,,,,,,,,,,,,,,,,,,,,,,,,,,,,,,,,,,,,,,,,,,,,,,,,,,,,,,,,,,,,,,,,,,,,,,,,,,,,,,,,,,,,,,,,,,,,,,,,,,2,11,100,7,7,5,1,
3/31/23 12:14,3/31/23 12:19,100,328,R_1KxrY5XUK8oMVcB,1,2,69,female,female,1,2,1,,1,,,,,,1,,,,1,,,,,3,,,,1,,,,,,,,3,,,,,,,,,,,,,3,,,,,,2,,,,,,,,,,,,,2,,,,,,,,,,1,,,,,,,,,,,,,,,,,,,,,,,,,,,,,,,,,,,,,,,,,,,,,,,,,,,,,,,,,,,,,,,,,,,,,,,,,,,,,,,,,,,,,,,,,,,,,,,,,,,,,1,1,52,1,7,4,1,Looks left leaning or should I say falling over left
3/31/23 12:35,3/31/23 12:45,100,557,R_ZCtAce6hzo8L0hr,1,2,36,female,female,2,1,1,,,,1,,,,,2,,1,,,,,,,4,,,,,,,3,,,5,,,,,,,,,,5,,,,,,,,,,,,,,,,5,,,,,,,5,,,,,,,,5,,,,,,,,,,,,,,,,,,,,,,,,,,,,,,,,,,,,,,,,,,,,,,,,,,,,,,,,,,,,,,,,,,,,,,,,,,,,,,,,,,,,,,,,,,,,,,,,,,,,,,,4,3,71,1,7,2,1,Thank You
3/31/23 13:00,3/31/23 13:04,100,219,R_2BtXvMyBMcqvrDJ,1,2,30,Female,female,1,2,1,,2,,,,,,,,3,,1,,,,,,,,2,,2,,,,,,,,,,,,,4,,,,,,,,,5,,,5,,,,,,,,,,,,,,,,,,,,4,,,,,,,,,,,5,,,,,,,,,,,,,,,,,,,,,,,,,,,,,,,,,,,,,,,,,,,,,,,,,,,,,,,,,,,,,,,,,,,,,,,,,,,,,,,,,,,,,,,,,,,,,,1,40,70,1,6,5,1,no thanks
3/31/23 14:20,3/31/23 14:23,100,189,R_1dphheMnAjons8N,1,2,48,female,female,2,2,1,,,,,2,3,,,,,,,,2,,,2,,,,,,,,3,,3,,,,,,,,,,,,,,,,,,3,,,,,,3,,,,,,,,3,,,,,,,,,,,,,3,,,,,,,,,,,,,,,,,,,,,,,,,,,,,,,,,,,,,,,,,,,,,,,,,,,,,,,,,,,,,,,,,,,,,,,,,,,,,,,,,,,,,,,,,,,,,,,,,,,,2,30,64,3,5,4,1,
3/31/23 14:35,3/31/23 14:40,100,280,R_269nSUA8Q52oOGN,1,2,24,female,female,3,2,1,,,1,,,,,,,2,,,1,,,,,,2,,,,4,,,,,,,,,,,5,,,,,5,,,,,,,,,,,,,,,,,5,,,,,,,5,,,,,,,,5,,,,,,,,,,,,,,,,,,,,,,,,,,,,,,,,,,,,,,,,,,,,,,,,,,,,,,,,,,,,,,,,,,,,,,,,,,,,,,,,,,,,,,,,,,,,,,,,,,,,,3,60,70,2,6,7,1,
3/31/23 14:43,3/31/23 14:50,100,412,R_2uJ5LpYVEgPLDiw,1,2,52,female,female,3,2,1,,,,1,,,1,,,,,,,,1,1,,,,,,,,1,,,,,,,,5,,,,,,,,,,,5,,,,,,,5,,,,,,,,,,5,,,,,,,,,,,,,,,,,5,,,,,,,,,,,,,,,,,,,,,,,,,,,,,,,,,,,,,,,,,,,,,,,,,,,,,,,,,,,,,,,,,,,,,,,,,,,,,,,,,,,,,,,,,,,,,,,3,37,73,1,3,5,1,
3/31/23 16:56,3/31/23 17:03,100,431,R_3M99AkbhiBcE3M6,1,2,59,female,female,1,1,1,1,,,,,,,,2,,,,1,,,,,,,3,1,,,,,,,,,5,,,,,,,,,,,5,,,,,,,,,,,5,,,,,,5,,,,,,,,,,,,,,,,5,,,,,,,,,,,,,,,,,,,,,,,,,,,,,,,,,,,,,,,,,,,,,,,,,,,,,,,,,,,,,,,,,,,,,,,,,,,,,,,,,,,,,,,,,,,,,,,,,,2,40,86,2,5,5,1,
3/31/23 17:51,3/31/23 17:59,100,452,R_26551qu01ZFdTyK,1,2,24,female,female,3,1,1,3,,,,,,,1,,,1,,,,,,,4,,,,,,,1,5,,,,,,,,,,,4,,,,,,,,,,,,,,,,,,,,5,,,,,,,,,5,,,,,,,,,5,,,,,,,,,,,,,,,,,,,,,,,,,,,,,,,,,,,,,,,,,,,,,,,,,,,,,,,,,,,,,,,,,,,,,,,,,,,,,,,,,,,,,,,,,,,,,,,,,3,40,52,3,5,7,1,I think both sides should be willing to compromise. I think we're getting too stuck in 'liberal/conservative' and 'Democrat/Republican' labels and focusing less on the actual issues.
3/31/23 18:56,3/31/23 19:00,100,269,R_XRlogJd9SqR3JZf,1,2,40,female,female,3,1,1,,,,1,,1,,,,,,,,,1,1,,,,,,,1,,,,,,,,,,4,,,,,,,5,,,,,,,,,,,,,,,5,,,,,,,,,5,,,,,,,,,5,,,,,,,,,,,,,,,,,,,,,,,,,,,,,,,,,,,,,,,,,,,,,,,,,,,,,,,,,,,,,,,,,,,,,,,,,,,,,,,,,,,,,,,,,,,,,,,,,,,4,81,88,5,5,6,1,Thank you for allowing me to participate.
3/31/23 19:00,3/31/23 19:06,100,349,R_1j8nqk6lJvUhKzk,1,2,28,female,female,2,2,1,,,2,,,,,,,1,,,,1,,,1,,,,,1,,,,,,,,,4,,,,,,,,,,,,4,,,,,,,,,,5,,,,,,,,,,,,4,,,,,4,,,,,,,,,,,,,,,,,,,,,,,,,,,,,,,,,,,,,,,,,,,,,,,,,,,,,,,,,,,,,,,,,,,,,,,,,,,,,,,,,,,,,,,,,,,,,,,,,,,,,,2,66,90,1,5,3,1,
3/31/23 19:01,3/31/23 19:07,100,370,R_1GOGE7EGFxeY5yq,1,2,33,female,female,2,2,1,,,,,2,,1,,,,,1,,,,,,,3,,,,,1,,5,,,,,,,,,,,,,,,,,,,,5,,,,,4,,,,,,,,,,,5,,,,,,5,,,,,,,,,,,,,,,,,,,,,,,,,,,,,,,,,,,,,,,,,,,,,,,,,,,,,,,,,,,,,,,,,,,,,,,,,,,,,,,,,,,,,,,,,,,,,,,,,,,,,,,,2,19,71,1,7,5,1,
3/31/23 19:39,3/31/23 19:44,100,310,R_BErdyXvguzhMRgt,1,2,28,female,female,2,1,1,,2,,,,3,,,,,,3,,,,1,,,,,3,,,,,,,,,,,,,4,,,,5,,,,,,,,,,,,,,,,4,,,,,,,,,,,,5,,,,,,,,,,5,,,,,,,,,,,,,,,,,,,,,,,,,,,,,,,,,,,,,,,,,,,,,,,,,,,,,,,,,,,,,,,,,,,,,,,,,,,,,,,,,,,,,,,,,,,,,,,,2,40,60,6,6,7,1,
3/31/23 21:19,3/31/23 21:27,100,487,R_3iHZbz2mccNlQTB,1,2,61,female,female,3,2,1,,,,,3,,,,1,,,,,,1,,,,,1,,,,,2,,,,,,,5,,,,,5,,,,,,,,,,,,,,,,,,,5,,,5,,,,,,,,,,,5,,,,,,,,,,,,,,,,,,,,,,,,,,,,,,,,,,,,,,,,,,,,,,,,,,,,,,,,,,,,,,,,,,,,,,,,,,,,,,,,,,,,,,,,,,,,,,,,,,,,,,3,27,62,3,4,4,1,
3/31/23 22:00,3/31/23 22:06,100,393,R_3OiH1p0pYNtCG8Q,1,2,68,female,female,1,2,1,1,,,,,,,,3,,,,,1,,,,,1,,,2,,,,,5,,,,,,,,,,,,5,,,,,,,,5,,,,,,,,,,,,,,,5,,,,,,,,,,,5,,,,,,,,,,,,,,,,,,,,,,,,,,,,,,,,,,,,,,,,,,,,,,,,,,,,,,,,,,,,,,,,,,,,,,,,,,,,,,,,,,,,,,,,,,,,,,,,,,,1,0,100,2,7,2,1,
3/31/23 22:39,3/31/23 22:52,100,738,R_1Qmjzud90ij7bDv,1,2,53,female,female,2,1,1,,,,1,,1,,,,,,,1,,,,,1,,,,,,1,,,,1,,,,,,,,,,,,5,,,,,,,,,,5,,,,,,,,5,,,,,,,,,,,,,,5,,,,,,,,,,,,,,,,,,,,,,,,,,,,,,,,,,,,,,,,,,,,,,,,,,,,,,,,,,,,,,,,,,,,,,,,,,,,,,,,,,,,,,,,,,,,,,,,,,,,2,92,93,1,7,6,1,
3/31/23 20:48,3/31/23 22:53,100,7497,R_1IAgQbrm1D1ZYy7,1,2,54,female,female,2,1,2,,,2,,,,,1,,,1,,,,,,1,,,,2,,,,,,,,,,,,5,,,,,,,,5,,,,,,,,,,,,,,,,5,,,,,,,5,,,,,,,,,,,,5,,,,,,,,,,,,,,,,,,,,,,,,,,,,,,,,,,,,,,,,,,,,,,,,,,,,,,,,,,,,,,,,,,,,,,,,,,,,,,,,,,,,,,,,,,,,,,,,2,38,73,2,4,5,1,
4/1/23 2:25,4/1/23 2:39,100,856,R_3p3d0MhvnUrFIAn,1,2,63,female,female,1,2,1,,2,,,,,,2,,,,2,,,,,,,,5,,,2,,,,,,,,,,,,3,,,,,,,,,,2,,,2,,,,,,,,,,,,,2,,,,,,,,,,2,,,,,,,,,,,,,,,,,,,,,,,,,,,,,,,,,,,,,,,,,,,,,,,,,,,,,,,,,,,,,,,,,,,,,,,,,,,,,,,,,,,,,,,,,,,,,,,,,,,,,1,10,81,4,4,4,1,
4/1/23 4:06,4/1/23 4:21,100,898,R_1dhKn5wwA63yWM5,1,2,66,Female ,female,2,2,1,,,,,3,,,,,2,,,2,,,,,2,,,,,,,2,,,,,4,,,,,,,,,,,,4,,,,,,,,,,4,,,,,,,,,,,4,,,,,,,,,,,,4,,,,,,,,,,,,,,,,,,,,,,,,,,,,,,,,,,,,,,,,,,,,,,,,,,,,,,,,,,,,,,,,,,,,,,,,,,,,,,,,,,,,,,,,,,,,,,,,,2,10,77,2,6,5,1,
4/1/23 5:00,4/1/23 5:05,100,311,R_rlrovw40pYNf6tb,1,2,52,female,female,1,2,1,,,,1,,,3,,,,2,,,,,,4,,,,,,4,,,,,,1,,,,,,,,,,,,,,,,,4,,,2,,,,,,,,,,,1,,,,,,,,,,,,,,2,,,,,,,,,,,,,,,,,,,,,,,,,,,,,,,,,,,,,,,,,,,,,,,,,,,,,,,,,,,,,,,,,,,,,,,,,,,,,,,,,,,,,,,,,,,,,,,,,,1,1,100,2,6,2,1,
4/1/23 5:22,4/1/23 5:27,100,345,R_2DNYY8BCvVbFhK9,1,2,51,Femail,female,2,2,1,1,,,,,,,2,,,,,,,1,1,,,,,,1,,,,,,,,,5,,,,,,,,,,,,,5,,,,,,,,,,,5,,,,,,,,,,,,5,5,,,,,,,,,,,,,,,,,,,,,,,,,,,,,,,,,,,,,,,,,,,,,,,,,,,,,,,,,,,,,,,,,,,,,,,,,,,,,,,,,,,,,,,,,,,,,,,,,,,,,,,,2,2,100,4,7,6,1,
4/1/23 5:31,4/1/23 5:36,100,294,R_1GKxWMtXB9U5pbo,1,2,39,Female ,female,3,2,1,,,2,,,,,,2,,,,,2,,,,,2,,,,,2,,,,,,,,,,,,3,,,,,,5,,,,,,,,,,,5,,,,,,,,,,,,5,,,,,,,,,,,,,5,,,,,,,,,,,,,,,,,,,,,,,,,,,,,,,,,,,,,,,,,,,,,,,,,,,,,,,,,,,,,,,,,,,,,,,,,,,,,,,,,,,,,,,,,,,,,,2,58,82,3,3,5,1,
4/1/23 6:41,4/1/23 6:46,100,311,R_2wiymTEUztIpmCU,1,2,43,female,female,2,1,1,,2,,,,,,,,1,,,,1,,,,,,4,1,,,,,,,,,,4,,,,,,,,,,,,,,4,,,,,,,,,,5,,,,,,5,,,,,,,,,,,,,,,,5,,,,,,,,,,,,,,,,,,,,,,,,,,,,,,,,,,,,,,,,,,,,,,,,,,,,,,,,,,,,,,,,,,,,,,,,,,,,,,,,,,,,,,,,,,,,,,,2,44,67,6,5,7,1,
4/1/23 6:53,4/1/23 7:04,100,635,R_1GBrbpwxUKIfobK,1,2,53,female,female,2,1,1,,,,1,,2,,,,,,,,,2,2,,,,,,,3,,,,,,,,,5,,,,,,,,,,,5,,,,,,5,,,,,,,,,,,,,,5,,,,,,5,,,,,,,,,,,,,,,,,,,,,,,,,,,,,,,,,,,,,,,,,,,,,,,,,,,,,,,,,,,,,,,,,,,,,,,,,,,,,,,,,,,,,,,,,,,,,,,,,,,,,,,2,40,60,1,5,5,1,
4/1/23 7:44,4/1/23 7:50,100,350,R_3MaIOokuXgXMVn3,1,2,23,female,female,3,2,1,,2,,,,,3,,,,,2,,,,,2,,,,,,,,3,,,,,,,,,,,5,,,,,,,,5,,,,,,,,,,4,,,,,,,,,,,,,5,,5,,,,,,,,,,,,,,,,,,,,,,,,,,,,,,,,,,,,,,,,,,,,,,,,,,,,,,,,,,,,,,,,,,,,,,,,,,,,,,,,,,,,,,,,,,,,,,,,,,,,,,,3,40,70,1,4,5,1,
4/1/23 9:32,4/1/23 9:36,100,244,R_1DBgqdKXJMb16hK,1,2,28,female,female,3,1,2,3,,,,,,,2,,,,,1,,,,,4,,,,1,,,,,,,5,,,,,,,,,,,5,,,,,,,,,,,,5,,,,,,,,5,,,,,,,,,,5,,,,,,,,,,,,,,,,,,,,,,,,,,,,,,,,,,,,,,,,,,,,,,,,,,,,,,,,,,,,,,,,,,,,,,,,,,,,,,,,,,,,,,,,,,,,,,,,,,,,,,4,100,100,2,1,7,1,
4/1/23 9:48,4/1/23 9:50,100,152,R_5tq0N7eAWbcHtzb,1,2,20,Female,female,3,1,2,,,,,2,,,,,4,1,,,,,,,,3,,,,,1,,,,,,,,,5,,,,,5,,,,,,,,,,,,,5,,,,,,,,,,,,,5,,,,,,,,,,,,,,5,,,,,,,,,,,,,,,,,,,,,,,,,,,,,,,,,,,,,,,,,,,,,,,,,,,,,,,,,,,,,,,,,,,,,,,,,,,,,,,,,,,,,,,,,,,,,,2,20,60,5,7,6,1,None
4/1/23 9:57,4/1/23 10:09,100,731,R_3LZ4FEiiR38iMFk,1,2,60,female,female,2,2,1,,,5,,,,,,4,,,,,1,,,,,1,,1,,,,,,,,,,,,,5,,,1,,,,,,,,,,,,,,,,,,,5,,,5,,,,,,,,,,,,5,,,,,,,,,,,,,,,,,,,,,,,,,,,,,,,,,,,,,,,,,,,,,,,,,,,,,,,,,,,,,,,,,,,,,,,,,,,,,,,,,,,,,,,,,,,,,,,,,,,,,2,30,91,1,4,7,1,
4/1/23 10:57,4/1/23 11:21,100,1442,R_2rVIFVj1yoTcgWB,1,2,34,female,female,1,1,1,,,3,,,2,,,,,,,,,3,,,,,2,3,,,,,,3,,,,,,,,,,,,,,,,,,,3,,,,,,,,,,,4,,,,,4,,,,,,,,,,,,,4,,,,,,,,,,,,,,,,,,,,,,,,,,,,,,,,,,,,,,,,,,,,,,,,,,,,,,,,,,,,,,,,,,,,,,,,,,,,,,,,,,,,,,,,,,,,,,,,,2,29,48,4,4,4,1,
4/1/23 11:20,4/1/23 11:26,100,357,R_2YAhflqy2ixaiAu,1,2,56,Female,female,2,1,1,,,,,1,,2,,,,,1,,,,,,2,,,,,1,,,,,,,,,,,,5,,,,,,5,,,,,,,,,5,,,,,,,,,,,,,,,,5,,,,,,,,,,5,,,,,,,,,,,,,,,,,,,,,,,,,,,,,,,,,,,,,,,,,,,,,,,,,,,,,,,,,,,,,,,,,,,,,,,,,,,,,,,,,,,,,,,,,,,,,,,,2,65,80,2,6,5,1,
4/1/23 11:49,4/1/23 11:55,100,357,R_33wmihFH8SLMleu,1,2,53,Female,female,1,2,1,2,,,,,,,1,,,,,3,,,3,,,,,,2,,,,,,,,4,,,,,,,,,,,,,,,5,,,5,,,,,,,,,,,,,,,,,5,,,,,,,,,5,,,,,,,,,,,,,,,,,,,,,,,,,,,,,,,,,,,,,,,,,,,,,,,,,,,,,,,,,,,,,,,,,,,,,,,,,,,,,,,,,,,,,,,,,,,,,,,,,,1,50,50,1,2,5,1,
4/1/23 11:45,4/1/23 11:55,100,597,R_3nHL5fGeh8aKJBl,1,2,27,female,female,3,1,1,,1,,,,,3,,,,1,,,,,,1,,,,,,,,2,,,5,,,,,,,,,,,5,,,,,,,,,,,,,,5,,,,,5,,,,,,,,,,5,,,,,,,,,,,,,,,,,,,,,,,,,,,,,,,,,,,,,,,,,,,,,,,,,,,,,,,,,,,,,,,,,,,,,,,,,,,,,,,,,,,,,,,,,,,,,,,,,,,,,,,,4,100,100,1,2,7,1,
3/31/23 3:59,3/31/23 4:01,88,159,R_1cXI2mKoZreMkOw,1,2,54,Male,male,3,2,1,,,,,,,,,,,,,,,,,,,,,,,,,,,,,,,,,,,,,,,,,,,,,,,,,,,,,,,,,,,,,,,5,,,,,,,,,,,,,,,,,,,,,,,,,,,,,,,,,,,,,,,,,,,,,,,,,,,,,,,,,,,,,,,,,,,,,,,,,,,,,,,,,,,,,,,,,,,,,,,,,,,,,,,,,,,,,,,,,,,,
3/30/23 21:45,3/30/23 21:50,87,273,R_3HUOLDcQP1pFz1X,1,2,59,femal,female,2,2,1,,,,,,,,,,,,,,,,,,,,,,,,,,,,,,,,,,,,,,,,,,,,,,,,,,,,,,,,,,,,,,,,,,,,,,,,,,,,,,,,,,,,,,,,,,,,,,,,,,,,,,,,,,,,,,,,,,,,,,,,,,,,,,,,,,,,,,,,,,,,,,,,,,,,,,,,,,,,,,,,,,,,,,,,,,,,,,,,,,,
3/30/23 17:56,3/30/23 17:58,87,157,R_23V3a4NaMSdSDcO,1,2,32,Male,male,3,1,2,,,,,,,,,,,,,,,,,,,,,,,,,,,,,,,,,,,,,,,,,,,,,,,,,,,,,,,,,,,,,,,,,,,,,,,,,,,,,,,,,,,,,,,,,,,,,,,,,,,,,,,,,,,,,,,,,,,,,,,,,,,,,,,,,,,,,,,,,,,,,,,,,,,,,,,,,,,,,,,,,,,,,,,,,,,,,,,,,,,
3/30/23 15:24,3/30/23 15:27,89,176,R_1rdKX6pgErYMf4a,1,2,52,female,female,2,1,1,,,,,,,,,,4,,1,,,,,,,,,,,,,,,,,,,,,,,,,,,,,,5,,,,,,,,,,,,,,,,,,,,,,,,,,,,,,,,,,,,,,,,,,,,,,,,,,,,,,,,,,,,,,,,,,,,,,,,,,,,,,,,,,,,,,,,,,,,,,,,,,,,,,,,,,,,,,,,,,,,,,,,,,,,,,,,,,,,,,,,,
3/30/23 19:54,3/30/23 23:38,89,13415,R_1FDJIl5wclpg0Xq,1,2,31,Male ,male,3,2,2,,,,,,,2,,,,,,,,,,,,,1,,,,,,5,,,,,,,,,,,,,,,,,,,,,,,,,,,,,,,,,,,,,,,,,,,,,,,,,,,,,,,,,,,,,,,,,,,,,,,,,,,,,,,,,,,,,,,,,,,,,,,,,,,,,,,,,,,,,,,,,,,,,,,,,,,,,,,,,,,,,,,,,,,,,,,,,,,,,,,,,
3/30/23 16:13,3/30/23 16:14,93,74,R_1rAros8LEWJeeVS,1,2,28,female,female,4,1,1,,,,,,,,,,,,,,,,,,,,,,,,,,,,,,,,,,,,,,,,,,,,,,,,,,,,,,,,,,,,,,,,,,,,,,,,,,,,,,,,,,,,,,,,,,,,,,,,,,,,,,,,,,,,,,,,,,,,,,,,,,,,,,,,,,,,,,,,,,,,,,,,,,,,,,,,,,,,,,,,,,,,,,,,,,,,,,,,,,,
3/30/23 14:46,3/30/23 14:48,94,112,R_8D4ekq6FpUB5qKd,1,2,36,female,female,4,1,1,,,,,,,,,,,,,,,,,,,,,,,,,,,,,,,,,,,,,,,,,,,,,,,,,,,,,,,,,,,,,,,,,,,,,,,,,,,,,,,,,,,,,,,,,,,,,,,,,,,,,,1,,,,,5,,,,,,,,,,,,,,,,,,,,,,,,,,,,,,,,,,,,,,,,,,,,,,,,,,,,,,,,,,,,,,,,,,,,,,,,
3/30/23 14:55,3/30/23 14:59,98,248,R_2cbyb2d32Gms1iQ,1,2,36,Male,male,5,1,1,,,,,,,,,,,,,,,,,,,,,,,,,,,,,,,,,,,,,,,,,,,,,,,,,,,,,,,,,,,,,,,,,,,,,,,,,,,,,,,,,3,,,,,,,1,,1,,,,,,,,,,,1,,,,,,,,,,,,,,,,,,,,,,,,,,5,,,,,,,5,,,,,,,,,,,,,,,,5,,,,,,,,,,,,,,5,,,,,,,,,,,,,,,